错句,作文编码,国籍,性别,考试时间,作文题目,口试分数,作文分数,听力分数,阅读分数,综合分数,总分,证书
小孩纯洁善良的心灵，就从此留下挥之不去的阴影。,200103533519250014,马来西亚,2,200103,我对离婚问题的看法,80,85,77,70,100,406,B,
当我们醒来时，正是父亲叫我们的时候，因为三宝垅站已到了。,200110540540150005,印度尼西亚,1,200110,我的童年,70,90,52,75,90,370,C,
我估计一定非常冷吧。,200104124520200378,蒙古国,2,200104,一封写给父母的信,70,85,58,49,54,308,C,
敬：××,200104124605200375,保加利亚,2,200104,一封写给父母的信,75,85,52,58,72,335,C,
家里都好吗？,200104124545100427,乌兹别克斯坦,1,200104,一封写给父母的信,65,80,60,44,70,307,C,
有什么难处{CC坏处}呢？,200105550523150025,韩国,1,200105,一封写给父母的信,70,65,77,68,67,333,C,
我担心妈妈的病。,200105550523250051,韩国,2,200105,一封写给父母的信,70,70,47,49,49,273,未参加,
我弟弟也已经找工作了，[BC。]不再{CC没有}需要您经常照顾我们。[BC，],200105550523150055,韩国,1,200105,一封写给父母的信,70,70,55,47,67,297,未参加,
我非常爱您们！,200105550523150330,韩国,1,200105,一封写给父母的信,70,75,47,39,42,262,未参加,
爸爸，妈妈：爸爸，妈妈！,200105550523250331,韩国,2,200105,一封写给父母的信,70,75,47,44,47,272,未参加,
只有去黄山那儿，我知道[BQ，]因为我已经学过这两个字，实在太容易了。,200105212540200002,印度尼西亚,2,200105,我的一个假期,80,75,72,63,59,340,B,
我每次看到你下班回来，看起来很累，我当时不知道对你怎么才好，现在再想，好像我是一个什么都不能做的小女孩儿。,200105550523250528,韩国,2,200105,一封写给父母的信,75,70,44,47,54,279,未参加,
我觉得假期是一场好梦。,200105212525200027,日本,2,200105,我的一个假期,70,75,52,61,57,304,C,
我用了不流利的英文问外国人。,200105212525200042,日本,2,200105,我的一个假期,65,70,32,32,44,229,未参加,
她到底得了什么病？,200105209525200023,日本,2,200105,我的一个假期,65,60,70,35,55,268,未参加,
这次旅行的目的，一个是坐成昆铁路，一个{CJ-sy是}坐船游览长江。,200105209541100030,约旦,1,200105,我的一个假期,65,75,37,28,46,238,未参加,
吃饭后，有必须得做{CD到}的事，是在市场{CQ上}特地买{CD的}鱼，把三条小鱼放到湖里。,200105201525200075,日本,2,200105,我的一个假期,65,80,60,51,50,294,C,
我呢？,200105201525200083,日本,2,200105,我的一个假期,70,80,50,49,61,300,未参加,
鱼类没有水立刻就死亡。,200105109525100691,日本,1,200105,由“三个和尚没水喝”想到的……,70,60,61,64,57,297,C,
这是一种不公平的方法。,200105109525200681,日本,2,200105,由“三个和尚没水喝”想到的……,70,70,52,64,82,326,C,
大家都希望别人替自己办事。,200105109525200694,日本,2,200105,由“三个和尚没水喝”想到的……,65,80,54,60,53,300,C,
灭火后，{WWJ},200105109525100724,日本,1,200105,由“三个和尚没水喝”想到的……,65,60,57,71,82,318,未参加,
人多了，反而没有水喝了。,200105109631200723,希腊,2,200105,由“三个和尚没水喝”想到的……,80,65,48,42,37,260,未参加,
”之类的。,200105109549100785,土库曼,1,200105,由“三个和尚没水喝”想到的……,80,55,70,53,68,312,未参加,
需要别人的帮忙，先{CJX}自己给别人帮忙。,200105109525200805,日本,2,200105,由“三个和尚没水喝”想到的……,65,70,48,47,53,269,未参加,
那么男人也变了。,200106570525250007,日本,2,200106,如何看待“妻子回家”,65,60,35,74,49,266,未参加,
最重要的是父亲[F親]每一句話，最让[F讓]我感动[F動]。,200203522522250002,缅甸,2,200203,记对我影响最大的一个人,85,80,62,62,66,348,C,
我想{CD了}也对，因为各方面，数学是少不了的。,200203522522250030,缅甸,2,200203,记对我影响最大的一个人,75,75,28,31,41,240,未参加,
还记得，每回测验或考试的成绩不尽[B近]理想，我便得挨藤鞭。,200203533533250016,新加坡,2,200203,记对我影响最大的一个人,90,80,71,81,88,405,B,
我死以后只有后悔。,200205204525100038,日本,1,200205,如何看待“安乐死”,65,55,33,49,51,235,未参加,
最重要的是客观的第三者。,200205204525200037,日本,2,200205,如何看待“安乐死”,75,65,38,40,49,254,未参加,
因此这问题是不能简单地回答{CJsd}。,200205204525100068,日本,1,200205,如何看待“安乐死”,65,70,52,63,65,301,C,
就是说，即使在死者的要求下进行杀人也是一种杀人罪，[BC。]所以安乐死应该要法律化。,200205204525100089,日本,1,200205,如何看待“安乐死”,65,75,52,58,58,295,C,
所以这个题目应该好好讨论，然后人们一定{CJ-zy能}找到办法{CC出路}.,200205204525200104,日本,2,200205,如何看待“安乐死”,65,80,44,58,37,272,未参加,
我觉得不应该{CQ让}一个人决定，[BC。]而应该几个专门的医生一起考虑后判断。,200205204525200181,日本,2,200205,如何看待“安乐死”,65,55,71,54,68,295,C,
结果，病人、[BC，]医生[BD，]和家人之间有了矛盾，就是说，病人不希望受到痛苦，家人却很希望他留下。,200205212525200015,日本,2,200205,如何看待“安乐死”,65,80,33,72,58,296,未参加,
我可能受不了这样情况，干脆选[F選]择“安乐死”[BQ。]其实，在荷兰有“安乐死方案”，允许安乐死。,200205212525200030,日本,2,200205,如何看待“安乐死”,70,60,71,76,77,339,C,
实行“安乐死”这种行为是断绝人的生命，[BC。]断绝人的生命相当{CC相等}于杀人吗？,200205209525100032,日本,1,200205,如何看待“安乐死”,75,85,80,70,77,380,B,
如果我是病人的话，一定好好活。,200205201525100072,日本,1,200205,如何看待“安乐死”,85,75,35,51,68,306,未参加,
那样的情况对病人的身体没有好处，心理、身体都是越来越不好的，所以我要求丈夫帮助我安乐死。,200205201525200133,日本,2,200205,如何看待“安乐死”,70,75,33,38,44,249,未参加,
虽然我还有很多人很同情那段短文中的男人，但是我们没有办法帮助他，“安乐死”到现在为止还不允许的，不可取的。,200205201635200142,俄罗斯,2,200205,如何看待“安乐死”,90,75,58,63,63,343,C,
这就是我个人的看法。,200205201525100176,日本,1,200205,如何看待“安乐死”,70,65,38,51,51,261,未参加,
我对这个问题的观点是消极的。,200205215525100007,日本,1,200205,如何看待“安乐死”,80,65,88,83,84,388,B,
这个问[F問]题[F題]也有几个解决办法。,200210602801250022,澳大利亚,2,200210,如何解决“代沟”问题,70,70,73,76,82,359,C,
最后应着重的是双方之间的建议。,200210602801250024,澳大利亚,2,200210,如何解决“代沟”问题,90,80,73,82,95,415,B,
我们做上辈的，应在下一辈小时多讲[F講]一些做人的道理、{CQ对}社会的看法、{CJ-dy价值}观[F觀]念等。,200210540540150038,印度尼西亚,1,200210,如何解决“代沟”问题,70,85,73,73,70,363,B,
可是，我们作为父母{CC的}是[B有]否随着时代的变化而去改变自己？,200210540540250039,印度尼西亚,2,200210,如何解决“代沟”问题,65,75,62,65,75,329,C,
{CP这些都违反现在社会流行的风气，要孩子们避开这些东西，他将难以结交朋友，同学们、[BC，]朋友们谈论的话题往往都离不开这些问题。P},200210540540150086,印度尼西亚,1,200210,如何解决“代沟”问题,75,80,59,58,73,336,C,
而后经过一年的练习，我的桌球水平有了长足的进步。,200205109801100490,澳大利亚,1,200205,如何面对挫折,85,75,84,89,91,416,A,
在舍监的督促下，我不再像以前那样无心向学而荒[B茺]废了学业。,200205680519250018,马来西亚,2,200205,一封写给父母的信,90,80,57,61,86,369,C,
与此同时{CC与其同时}故事还带出了他们家中的兄弟姐妹的深情，[BC。]互相关爱的大家庭美丽的一面。,200305533533250022,新加坡,2,200305,我最喜欢读的一本书,65,60,77,73,70,328,C,
他是足智多谋{CC智多谋}，不但会用人，也会运用战略。,200305533533150041,新加坡,1,200305,我最喜欢读的一本书,70,65,68,65,90,344,C,
这本书渐渐成为我爱不释手的“宠物”。,200305533533150050,新加坡,1,200305,我最喜欢读的一本书,75,75,82,75,90,387,B,
现在中国的一些企业也投资到日本市场。,200304131525100098,日本,1,200304,我学汉语是为了……,65,75,53,30,24,234,未参加,
但是这个交流不但使我的汉语提高，也加深了我对中国人的兴趣。,200304131525100162,日本,1,200304,我学汉语是为了……,70,70,56,63,91,338,C,
其实[D说]，我来中国以前没有明确的学汉语的目标。,200304131525200197,日本,2,200304,我学汉语是为了……,0,70,41,49,63,218,未参加,
现在在日本自然声音的很受欢迎的理由也肯定如此，大家听到这种声音一定会感觉到安心、舒服。,200305576525200001,日本,2,200305,静音环境对人体的危害,70,65,74,65,85,345,C,
我们{CJX}如果看到某一个人在禁止吸烟的公众场所吸烟的话[BQ，]{CQ我们}不能旁观[BD，]不去管，而应该有意识地去提醒他。,200405109520200966,蒙古国,2,200405,吸烟对个人健康和公众利益的影响,90,65,74,64,79,363,C,
我自己不得不说这是应当做的。,200405109633200975,意大利,2,200405,吸烟对个人健康和公众利益的影响,70,65,57,46,46,270,未参加,
如今政府作出一项规定，就是在公共场所抽烟者将被{CC1举行}罚款。,200405109540100346,印度尼西亚,1,200405,吸烟对个人健康和公众利益的影响,70,60,70,58,66,309,C,
因为[F為]这[F這]些人想减[Y減]少压[F壓]力{CJ+zxy的感觉[F覺]}[BQ，]而抽的青少年人不明白中年人心中的感觉，而去模仿{CC摸范[C]}[BQ，]到后[F後]来[F來]受害人往往是自己。,200405522522250010,缅甸,2,200405,吸烟对个人健康和公众利益的影响,85,85,80,47,56,348,C,
她做的菜养育{CQ了}我{CJ+zxy的味觉}。,200505109525100334,日本,1,200505,父母是孩子的第一任老师,55,55,42,44,45,221,未参加,
可是他们虽然离了婚[BQ，]但是他们给我{CD的}关爱、教养和做人原则等等{CJ-zxy的教育}，对我来说感激不尽{CD的/CJsd}。,200505109525100479,日本,1,200505,父母是孩子的第一任老师,65,75,74,77,72,350,B,
首先，这句话隐隐{CC暗暗}地包含{CC包括}过去封建时代的概念。,200505109525200512,日本,2,200505,父母是孩子的第一任老师,65,55,47,67,77,293,未参加,
为什么呢？,200505109525200514,日本,2,200505,父母是孩子的第一任老师,70,60,63,65,66,309,C,
因为父母永远是父母，朋友不一定永远是朋友。,200505109525100728,日本,1,200505,父母是孩子的第一任老师,70,55,60,44,51,264,未参加,
”这意思是父母亲的一举一动会当做{CD为了}孩子为人{CC人为}{CQ的}榜[B傍]样{CJbei}。,200505109525202010,日本,2,200505,父母是孩子的第一任老师,70,65,52,57,74,304,C,
可是最重要的就是父母的责任。,200505217525100006,日本,1,200505,父母是孩子的第一任老师,45,75,44,61,69,277,未参加,
我一辈[F輩]子跟[C]着我父母学习。,200505217525200027,日本,2,200505,父母是孩子的第一任老师,60,60,56,65,67,290,未参加,
我们经常看到这种情况[C]。,200505217525100093,日本,1,200505,父母是孩子的第一任老师,60,75,56,57,72,306,未参加,
我母亲是家庭主妇。,200505217525200101,日本,2,200505,父母是孩子的第一任老师,65,90,73,63,74,356,C,
比如不要偷东西，不要在外面吐等等。,200505204525200025,日本,2,200505,父母是孩子的第一任老师,55,50,37,27,45,193,未参加,
他们俩互相理解、互相帮助。,200505204525200193,日本,2,200505,父母是孩子的第一任老师,75,70,46,69,69,318,C,
父母有教育[C]孩子的义务。{CP如果父母不管孩子，孩子长得很调皮。如果父母跟孩子不{CC1没有},200505204525100437,日本,1,200505,父母是孩子的第一任老师,65,45,46,45,45,225,未参加,
现在我是两个孩子的父亲。,200505204525100543,日本,1,200505,父母是孩子的第一任老师,55,50,50,49,76,259,未参加,
看孩子的态度、[BC，]习惯等，我也经常跟[C]他们提{CC说}意见。{CP但是想起我父亲来，我经常[C]觉得我{CJ+sy有},200505204525100543,日本,1,200505,父母是孩子的第一任老师,55,50,50,49,76,259,未参加,
我很[C]佩服他。,200505204525200575,日本,2,200505,父母是孩子的第一任老师,55,70,58,61,65,293,C,
这一次暑假{CQ以后}，我{CD要}准备到北京去读大学。,200105205525200027,日本,2,200105,我的一个假期,65,75,50,65,68,310,C,
“他”太美了，就像在维多利亚时一样。,200105205919100022,加拿大,1,200105,我的一个假期,90,75,77,39,41,316,未参加,
当然这寒假也是我一年中唯[Pwéi]一能回到日本去的一个好机会。,200105205525100055,日本,1,200105,我的一个假期,80,90,77,61,74,377,B,
这样[F樣]一[B以]来，对我来说一年都是{CJ+sy变成}{CJ+dy一个}假期了。,200105205525100079,日本,1,200105,我的一个假期,70,80,62,58,61,321,C,
我们买[F買]{CQ了}大量日本{CJX}的地道小吃回家。,200110801634150008,英国,1,200110,我的一个假期,75,90,77,65,79,380,B,
现[F現]在，在这[F這]圣[F聖]诞[F誕]节[F節]假期能见[F見]到他们[F們]，真的觉[F覺]得十分快乐[F樂]，心里[F裏]非常珍惜跟他们[F們]相聚的一分一秒。,200110801634250006,英国,2,200110,我的一个假期,75,80,60,61,70,337,C,
我就想起刚开始学汉语的时候，也有过相同的事情。[BC，],200105271525200028,日本,2,200105,我的一个假期,75,75,72,70,83,365,B,
我还能看见五光十色，千姿百态的烟花礼炮。,200105217525100003,日本,1,200105,我的一个假期,65,75,65,61,66,319,C,
景色相当美丽。,200105217525100081,日本,1,200105,我的一个假期,70,75,72,46,70,322,C,
这几年中国也有比较长的假期，对{CC在}去年开始工作的我来说，这是第一次{CD的}{CJ-sy放}长假{CC2长期体息}。[BC，],200105204525100027,日本,1,200105,我的一个假期,70,65,82,65,48,316,C,
会话过程中，我了解了不少中国{CQ的}情况，同时我还感觉到中日之间很多问题{CJX}仍然存在着，那时我觉得我应该更努力{CQ地}学习汉语、[BC，]进一步{CC3更}了解中国文化，以便{CQ与}交流{CJX}中国朋友，推动中日友好关系。,200105204525100056,日本,1,200105,我的一个假期,70,70,90,77,94,389,C,
总[B兑]之[BQ，]我对旅游{CQ的}感想[BD，]就是{CJ-zhuy跟别人去旅游}不如一个人去旅游[BQ，]我觉得{CJ-zhuy一个人去}很好玩。,200105204525100083,日本,1,200105,我的一个假期,65,70,52,49,61,283,未参加,
那儿在贵州省，从贵阳坐火车和汽车要六个小时。[BC，],200105204525200086,日本,2,200105,我的一个假期,70,75,57,65,70,326,C,
我除了{CJ-sy知道}那儿是苗寨的事实以外几乎不知道{CJ+sy有}什么，所以我首先去找寨子的中心广场。,200105204525200086,日本,2,200105,我的一个假期,70,75,57,65,70,326,C,
像[B象]天堂一样的杭州在我眼前出现{CC出来}的时候，我非常感动{CD了}。[BC，],200105204525100122,日本,1,200105,我的一个假期,70,70,42,39,50,259,未参加,
那就是说，这段时光是我全力以赴出去打工的{CJ-zxy时光}。,200105204922100126,美国,1,200105,我的一个假期,65,65,82,61,74,331,C,
我离家已经过了5年了，就说已经过了5次的父母亲[B新]节。,200105550523250075,韩国,2,200105,一封写给父母的信,70,75,63,63,49,309,C,
我很感谢。,200105550523250075,韩国,2,200105,一封写给父母的信,70,75,63,63,49,309,C,
今年母亲节时，我有期中考试而没有机会见你们。,200105550523150087,韩国,1,200105,一封写给父母的信,65,70,71,61,76,329,C,
怎么报答才好呢！,200105550523250085,韩国,2,200105,一封写给父母的信,65,70,49,25,49,244,未参加,
爸爸，妈妈！,200105550523150118,韩国,1,200105,一封写给父母的信,70,75,71,56,67,328,C,
这次送给你的花不像每年到父母节{CD而}送的，带有很大的意义，它代表{CC表现}着我对妈妈的深切的感谢。,200105550523250140,韩国,2,200105,一封写给父母的信,75,75,79,63,70,352,B,
真的。,200105550523250163,韩国,2,200105,一封写给父母的信,70,75,33,32,38,237,未参加,
亲爱的爸爸、妈妈你们好吗？,200105550523250171,韩国,2,200105,一封写给父母的信,70,70,74,61,63,326,C,
但是这都是我心中的话，请你们原谅我。,200105550523150177,韩国,1,200105,一封写给父母的信,70,65,49,39,47,256,未参加,
我现在成为一名讲师了，每当我站在讲台上，不由{CD而然}地想起您二位的养育之恩。[BC，],200105550523250221,韩国,2,200105,一封写给父母的信,80,75,47,47,83,323,未参加,
在学校附近租房生活已有三年了。,200105550523150234,韩国,1,200105,一封写给父母的信,65,60,49,35,63,255,未参加,
我最后见您{CD的}是二月末了吧，您还健康并{CC和}一切平安吗？,200105550523250244,韩国,2,200105,一封写给父母的信,65,60,41,51,45,245,未参加,
有一天，我跟朋友[L]坐汽车去王府井买点东西。,200105550523150249,韩国,1,200105,一封写给父母的信,70,80,41,47,51,279,未参加,
不过一次也没表现过你们的辛苦。,200105550523250272,韩国,2,200105,一封写给父母的信,65,60,38,37,49,232,未参加,
因为你们觉得如果父母有更多的钱，能更好培[B陪]养孩子。,200105550523250281,韩国,2,200105,一封写给父母的信,70,55,41,32,29,211,未参加,
然后我成了高中学生时，我才知道我的想法是错误的。,200105550523150317,韩国,1,200105,一封写给父母的信,65,60,11,25,40,184,未参加,
你们那儿的天气怎么样？,200105550523250394,韩国,2,200105,一封写给父母的信,75,70,66,51,54,305,C,
您俩特别是母亲对我的就业问题{CJ+zy太}担心着呢{CQ吧}。,200105550523150453,韩国,1,200105,一封写给父母的信,65,75,58,61,56,302,C,
亲爱的爸爸、妈妈：你们好！,200105550523250481,韩国,2,200105,一封写给父母的信,70,75,36,51,51,272,未参加,
家里一切都平安吗？,200105550523250487,韩国,2,200105,一封写给父母的信,70,65,38,47,45,251,未参加,
这都是你{CD的}牺牲的结果。,200105550523250496,韩国,2,200105,一封写给父母的信,70,70,49,54,63,294,C,
我寄的信和康乃馨收到了吗？,200105550523150502,韩国,1,200105,一封写给父母的信,70,70,27,51,45,251,未参加,
她把新被子给我盖好，还关心地问我“××，你不冷吗？,200105206525200001,日本,2,200105,我的一个假期,70,85,87,63,76,373,C,
有时候他们的南方口音很重，听起来费劲。,200105206525100031,日本,1,200105,我的一个假期,65,65,62,77,81,334,C,
对我来说，假期是好机会。,200105206525100042,日本,1,200105,我的一个假期,65,65,37,61,50,262,未参加,
另一方面{CC第二方面}{CJ-zhuy南京}是跟我学[F學]习[F習]{CD的}{CJ-xy有}关[F關]系[F係]的城市。,200105206627100050,瑞士,1,200105,我的一个假期,70,65,34,37,39,231,未参加,
可人多了，人会{CJX}往往失去独立性{CC心}。,200105109525100022,日本,1,200105,由“三个和尚没水喝”想到的……,70,85,70,69,86,372,B,
但没人替我做。,200105109525200023,日本,2,200105,由“三个和尚没水喝”想到的……,65,70,75,73,86,355,C,
在一座高山上一个人住的时候没办法[BD，]自己去挑水。,200105109525200118,日本,2,200105,由“三个和尚没水喝”想到的……,65,70,48,62,64,295,C,
它来的时候大家都高兴，给它取名字。,200105109525200363,日本,2,200105,由“三个和尚没水喝”想到的……,65,80,70,51,68,322,C,
可是到了三个人的时候谁也不去了，这是因为他们三个人都在想，“我不去也没问题！,200105109525200431,日本,2,200105,由“三个和尚没水喝”想到的……,70,65,66,62,61,310,C,
这样做的话，不{CJ-zy会}出现{CC发现}这种事情，[BC。]{CJ-zhuy这}就是我的想法。,200105109525100637,日本,1,200105,由“三个和尚没水喝”想到的……,60,55,30,35,37,198,未参加,
例如[BQ:]在公司，有很多麻烦的工作，[BC。]谁都不想做。,200105109525200673,日本,2,200105,由“三个和尚没水喝”想到的……,70,70,36,71,84,319,未参加,
有爱情的婚姻是家庭幸福的基础。,200109684542250002,越南,2,200109,我对离婚问题的看法,80,70,40,38,50,268,未参加,
因为他们只要活着{CC儿}，{CJ-zy就}一定能找到希望。,200205217525200082,日本,2,200205,如何看待“安乐死”,70,80,35,51,65,291,未参加,
但是，我的意见是可以采取{CC4可取}安乐死的。,200205205525200051,日本,2,200205,如何看待“安乐死”,70,65,66,58,42,287,C,
可能那时妻子痛苦得要命，生不如死，而且家里没钱，不能去医院看医生。,200205205525200080,日本,2,200205,如何看待“安乐死”,70,70,66,67,65,326,C,
小时候，我很{CC真}不懂事。,200209550523150013,韩国,1,200209,如何解决“代沟”问题,65,60,54,52,58,272,未参加,
现在社会里，思才若渴的父母也越来越多。,200209550523250026,韩国,2,200209,如何解决“代沟”问题,65,65,66,81,60,321,C,
我的母亲[F親]常常{CC平常}说“我小的时候，不会这样”。,200209550523150064,韩国,1,200209,如何解决“代沟”问题,65,65,60,49,54,277,未参加,
代沟是在每个国家都有的。,200209550523250099,韩国,2,200209,如何解决“代沟”问题,65,65,45,49,48,256,未参加,
比如说{CC3再说}，现代科技给我们带来一个虚拟{CC假设}空间——网站。,200209550523250101,韩国,2,200209,如何解决“代沟”问题,60,60,63,62,54,281,未参加,
在这[F這]试卷上的父母与子女之间，代沟的发[F發]生由于{CC2在}[BD，]這父母与子女不常谈话，所以要解[C]决这事情的最好方法是多多谈话。,200209550501150142,中国,1,200209,如何解决“代沟”问题,65,65,24,32,36,206,未参加,
每个人对自己的生活{CJ-zy都}很认真，会了解[C]别人的生活的话，在社会上“代沟[BQ”]的问题{CJ-zy就}会消失了。,200209550523250168,韩国,2,200209,如何解决“代沟”问题,60,60,57,59,56,274,未参加,
小的时候，我们要求的事情很多{CD的}，比如想吃什么，想买什么，想去哪儿等等。,200209550523250202,韩国,2,200209,如何解决“代沟”问题,65,60,36,52,54,250,未参加,
我要说，“那绝对不行”。,200209550523250282,韩国,2,200209,如何解决“代沟”问题,70,65,81,84,64,350,C,
现在的年轻人喜欢打破常规，还有常常不听老人的话，甚至，年轻人不愿意跟老人谈话，这样一来，年轻人和老人之间产生差异是理所当然{CJsd}。,200209550523250298,韩国,2,200209,如何解决“代沟”问题,70,65,33,62,50,266,未参加,
我们可以解决代沟的问题。,200209550523250319,韩国,2,200209,如何解决“代沟”问题,65,65,51,59,42,266,未参加,
我在生活中，常见{CQ到}比我年轻[B经]{CQ的}人很不一样的观念、[BC，]思想、[BC，]行动……我见到那些人{CD的}时，如果我要教他们，他们只{CJ-zy会}不听话。[BC.],200209550523250752,韩国,2,200209,如何解决“代沟”问题,65,65,36,49,34,233,未参加,
虽然社会变化越来越快，但是我们{CQ应该}更努力解决这代沟问题。,200209550523250830,韩国,2,200209,如何解决“代沟”问题,70,70,60,74,68,330,C,
而且孩子也是不听[F聽]父母的话，甚至离[F離]家。,200209550523150990,韩国,1,200209,如何解决“代沟”问题,70,65,66,57,44,288,C,
那么对《如何看待“安乐死”》的题目怎么回答好呢？,200205271525100016,日本,1,200205,如何看待“安乐死”,75,70,52,67,75,328,C,
所以我想“安乐死”为了获得世界各国以及大多数人的认可，首先必须建立一个完善的法律。,200205271525100036,日本,1,200205,如何看待“安乐死”,70,65,69,74,80,344,C,
根据这个字的含义[B意]，可分为两种声音[B间]；一种是好的声音，就是大家听[F聽]得悦耳的，而另一种就是使大家觉得烦燥的，我们称它为“噪音”。,200304522522250009,缅甸,2,200304,静音环境对人体的危害,60,90,64,62,76,342,C,
我想对人的危害[BD。]{CD因是在}心灵[F靈]上精神上比较大一些。,200304522522210006,缅甸,2,200304,静音环境对人体的危害,70,65,61,78,89,349,C,
但是这[C]样的行为造[C]成环境污染。,200307109523200010,韩国,2,200307,绿色食品与饥饿,70,70,80,43,50,301,C,
我前几天在上网看报纸的时候看过一个关于一个明星{CC2明[B名]星人}的善行的内容，[BC、]她是一名歌手，[BC、]她以前也帮助过孤[B古]儿[BQ，]当了他们的姐姐，[BC、]{CD还}这次她又决定帮助{CD南}非洲[B州]的一个女孩子。[BC、],200307109523200052,韩国,2,200307,绿色食品与饥饿,70,60,59,41,41,256,未参加,
以前只考虑[C]农作物的生产量的时候，不管多少[B小]的农药，随便使用农药。,200307109523200059,韩国,2,200307,绿色食品与饥饿,70,65,67,59,79,326,C,
吃这[C]种[B和]食品的人越来越多。,200307109523100066,韩国,1,200307,绿色食品与饥饿,65,65,70,62,67,313,C,
这[C]样的话[BQ，]“绿色食品”的产量就会[C]大大提高，而且价格也可以便宜，[BC。]那么[L]全世界的人都能吃到“绿色食品”。,200307109523200098,韩国,2,200307,绿色食品与饥饿,65,75,64,51,58,300,C,
人类[B娄]为了增加农作物的产量，大家一般使用化肥和农药。[BC.],200307109523200116,韩国,2,200307,绿色食品与饥饿,70,60,54,46,67,282,未参加,
吃“绿色食品”已经是{CJX}不陌[C]生的问题。{CP今后我们常常提到地球的环境，而保护自己的土地，这样的很容易这个问题。P},200307109523100129,韩国,1,200307,绿色食品与饥饿,65,65,46,38,35,233,未参加,
用“绿色农药”即可。,200307109523100191,韩国,1,200307,绿色食品与饥饿,65,60,78,59,64,309,C,
最近也进行提高农[C]作物生产量{CC生产率}的试验。,200307109523200203,韩国,2,200307,绿色食品与饥饿,75,85,72,70,73,368,B,
随着科学的进步，很多专家们发明的化学肥料提高了粮食的总产量和它的质量。,200307109523200302,韩国,2,200307,绿色食品与饥饿,65,65,80,70,73,337,C,
总之，我认为应该,200307109523200306,韩国,2,200307,绿色食品与饥饿,80,85,67,64,76,366,C,
要救人，帮助人，就要不要太在意个人问题，要有雷锋精神。,200307109525100315,日本,1,200307,绿色食品与饥饿,85,90,83,67,87,408,A,
从这角度来看，我支持在农作物的生长过程中使用化肥和农药。[BC.],200307109523200385,韩国,2,200307,绿色食品与饥饿,65,80,64,49,73,319,C,
因为长期使用化肥和农药的土地，肯定让我们的农田{CC玉田}被污染，这[C]样的话，总有一天，这[C]土地用什么方法也再不能生产农作物了。[BC.],200307109523200393,韩国,2,200307,绿色食品与饥饿,65,75,70,67,70,334,C,
总的来说，我们的健康也重要{CC2好}，但人的生命比你的健康更重要了。,200307109523200393,韩国,2,200307,绿色食品与饥饿,65,75,70,67,70,334,C,
我们先解决世界{CQ的}饥饿问题以后，[BC.]想生产绿色产品也可以。,200307109523100398,韩国,1,200307,绿色食品与饥饿,65,70,62,64,73,320,C,
使农作物产量降低，且农作物{CQ产量}降低的话就{CC1可以}帮不了那些缺少粮[C]食的国家。[BC.],200307109523100418,韩国,1,200307,绿色食品与饥饿,65,90,64,62,84,356,C,
市场离我家太远，那时我太累了，[BC.]我生气地{CC得}跟妈妈说“你为什么每次上市场买东西[B酉]呢？,200307109523100423,韩国,1,200307,绿色食品与饥饿,70,85,72,54,44,317,C,
随着人们的生活水平提高，人们越来越关心绿色食品。,200307109523100462,韩国,1,200307,绿色食品与饥饿,65,75,54,46,41,268,未参加,
那么有人会说吃[C]绿色食品有什么不好的，[BC.]吃[C]绿色食品当然好。[BC.],200307109523200459,韩国,2,200307,绿色食品与饥饿,70,80,56,49,61,306,未参加,
据我所知，在农作物的生长过[C]程中，如果使用化肥和农药，产量就会大大提高，但农作物会受到不同程度的化学污染。,200307109523200492,韩国,2,200307,绿色食品与饥饿,70,70,78,62,84,352,C,
第二，要提高农民的素质。{CP教他们[C]怎么种这些农产品{CC农业品},200307109523200500,韩国,2,200307,绿色食品与饥饿,65,65,67,33,53,267,未参加,
我想地球上生活的人们该互相帮助才[C]好。[BC.],200307109525100557,日本,1,200307,绿色食品与饥饿,75,55,48,22,50,235,未参加,
{CP为了不用这[C]样的东西，先[B现]改革世界各国的环境污染问题。,200307109523100563,韩国,1,200307,绿色食品与饥饿,65,65,40,35,32,221,未参加,
绿色食品{CD种种}让社会产生一些问题，绿色食品的含意是[BD。]没有化肥和农药的是绿色食品，我们现在喝的牛奶也是加工过{CC而}{CJX}在我们的前面。[BC，],200307217523100004,韩国,1,200307,绿色食品与饥饿,65,60,40,22,35,205,未参加,
虽然在世界上很多人已经解决[C]了温饱{CC吃饱}问题，但在某些地方还存在因饥饿而苦脑的人的话，我们应该考虑他们。,200307217523200051,韩国,2,200307,绿色食品与饥饿,65,65,72,62,73,321,C,
希望不远的未来，全世界人都能吃没有污染,200307217523200052,韩国,2,200307,绿色食品与饥饿,65,75,72,67,81,347,B,
也许绿色食品引起增长{CJX}穷[B究]国家的饥饿率[L][BQ、]死亡率。,200307217523200102,韩国,2,200307,绿色食品与饥饿,65,65,83,62,81,340,C,
在比较富裕[C]的国家{CJX}生活的我，其实不太了解饥饿的痛苦，也没体会到饥饿问题的严重性。,200307217523200102,韩国,2,200307,绿色食品与饥饿,65,65,83,62,81,340,C,
没有足够的材料就根本不能这[C]样讲究。,200307204525100122,日本,1,200307,绿色食品与饥饿,65,85,80,70,90,380,B,
我觉得现在已经开始了。,200307205523200048,韩国,2,200307,绿色食品与饥饿,65,65,56,41,73,284,未参加,
因[B困]为这[C]些措施导致{CC导到}环境污染。,200307205525200054,日本,2,200307,绿色食品与饥饿,60,70,59,64,73,311,C,
不一定所有的生产者能够生产“绿色食品”。,200307205525200059,日本,2,200307,绿色食品与饥饿,70,70,64,67,58,317,C,
目前世界{CQ上}也有很多国家的人们在挨饿。,200307205523200072,韩国,2,200307,绿色食品与饥饿,65,55,56,54,56,268,未参加,
对他们来说，无论是用化肥生产的，还是用农药生产的，这些农作物都是他们生存的重要因素之一。,200307205523100110,韩国,1,200307,绿色食品与饥饿,65,80,54,54,70,311,C,
其实[B是]用化肥和农[C]药一下子能增加农[C]作物的产量。,200307205525200171,日本,2,200307,绿色食品与饥饿,65,70,56,51,76,304,未参加,
虽然加工食品对人体健康{CJ-sy有}帮助。,200307205523200175,韩国,2,200307,绿色食品与饥饿,65,65,67,59,79,319,C,
我们不能只把农作物的产量降低{CJ-ba}，{CD但}也要顾缺少粮食地方的人。,200307212540200041,印度尼西亚,2,200307,绿色食品与饥饿,60,60,35,35,56,228,未参加,
在地球上，{CQ按}比例{CD上}来说，因为饥饿死去的人比因为吃到化肥和农药死的人多得多。,200307212523200066,韩国,2,200307,绿色食品与饥饿,70,70,75,78,79,360,C,
现在我们要做{CQ的}是打造好的社会，打造好,200307209523100009,韩国,1,200307,绿色食品与饥饿,65,70,78,56,76,331,C,
那么怎么解[C]决问题呢？,200307209525200035,日本,2,200307,绿色食品与饥饿,65,75,70,64,67,328,C,
我们需要知道我们首先要重视的是什么。,200307201523100018,韩国,1,200307,绿色食品与饥饿,80,65,51,51,73,308,未参加,
对这俩阶[B价]层来说“健康”是{CJX}都重要的。,200307201523200031,韩国,2,200307,绿色食品与饥饿,65,65,64,43,70,291,C,
我也承认大量生产不只是个好方法，还得追求质量。[BC.],200307201523100099,韩国,1,200307,绿色食品与饥饿,70,65,72,54,64,311,C,
所以，更现实地来看，这吃“绿色食品”和“不挨饿”的选择问题，我的立场是选“不挨饿”一方。,200307201525100101,日本,1,200307,绿色食品与饥饿,65,70,62,54,81,318,C,
根本不想那些世界各地的贫困儿童。[BC.],200307302523100074,韩国,1,200307,绿色食品与饥饿,75,70,72,59,73,338,C,
所以我认为绿色食品是第一位的。,200307302523200072,韩国,2,200307,绿色食品与饥饿,80,70,67,59,64,330,C,
就是对人间没有那么害的。,200307302523100093,韩国,1,200307,绿色食品与饥饿,70,60,64,51,61,291,未参加,
我们也得发明出一个对人体没有害的，对农作物是能生产多多的[BD，]这种农药。,200307302523100125,韩国,1,200307,绿色食品与饥饿,65,65,56,54,61,285,C,
如果几百年前的人听到“绿色食品”这个词他们可能不明白这个意思。,200307206525100016,日本,1,200307,绿色食品与饥饿,80,65,43,54,76,306,未参加,
虽然[B话]如此，我平时在超市时买菜的时候，常常[C]买“绿色食品”。[BC.],200307206525200023,日本,2,200307,绿色食品与饥饿,65,55,43,41,70,256,未参加,
个人的身体健康是无论自己{CJ?}，也利于{CC利益}社会，更利于{CC利益}全世界。,200307206523200042,韩国,2,200307,绿色食品与饥饿,65,65,59,54,67,294,C,
激进{CC急激}的发展就[C]成了一定的公害。,200307206525100037,日本,1,200307,绿色食品与饥饿,65,65,80,54,73,321,C,
还[C]有一个问题，是环境问题。,200307206523200046,韩国,2,200307,绿色食品与饥饿,80,75,70,70,79,365,B,
但其实向全世界人民呼吁心连心共同{CC同共}解决{CD问题}这饥饿问题，还[C]不知道能收到多么大的支持。,200307206523200067,韩国,2,200307,绿色食品与饥饿,75,85,72,59,84,368,B,
特别是饥饿这[C]么严重的问题，{CJ-zy应}赶快解决。,200307215523250007,韩国,2,200307,绿色食品与饥饿,60,65,67,62,50,287,C,
随着社会的进步，科学也随着发展{CC提高}。,200307332540200007,印度尼西亚,2,200307,绿色食品与饥饿,70,70,72,43,67,310,C,
男生和女生对一件事物的看法常常都是大相径庭[B亭]的。,200310512512250036,菲律宾,2,200310,我对男女分班的看法,70,70,71,63,85,347,C,
教育部的一些人研究前两年考大学的成绩时，发现在女子校的学生比在男[B另]女混校的女学生考的好，分数获得高。,200310602801250005,澳大利亚,2,200310,我对男女分班的看法,70,75,49,47,61,291,未参加,
所以我认为分班是不妥当的行为[BQ，]它对男女成长过程[B成]会造成阻碍，更会给社会带来不必要的问题。,200310602801250007,澳大利亚,2,200310,我对男女分班的看法,70,70,68,61,81,338,C,
再讲我一位朋友，因他勤[B劝]读课外书[BQ，]有一天他竟能发明{CC创作}有电的蜡烛，供人们拜祭用[D的][BQ。]这也是从书本上学到的本领，{CD是}{CJjy}他发了一笔大财。[BC，],200310540540150020,印度尼西亚,1,200310,谈有效阅读,65,65,45,40,55,254,未参加,
当[F當]然，随[F隨]着[F著]社会[F會]的发[F發]展，父母亲[F親]对[F對]儿[F兒]女的要求{CC2要}也提高了。,200310540540250039,印度尼西亚,2,200310,谈有效阅读,70,75,86,62,77,359,C,
大多数[F數]父母都认[F認]为[F為]只要读[F讀]课[F課]內的书[F書]和多上这些{CC2这[F這]}外语[F語]课[F課]和音乐[F樂]课[F課]，就是对[F對]未来[F來]的保障。,200310540540250039,印度尼西亚,2,200310,谈有效阅读,70,75,86,62,77,359,C,
只要我们能配合{CC配有}{CJ+dy这个}阅读和电脑技术一起来学，一定会有好成果。,200310540540250041,印度尼西亚,2,200310,谈有效阅读,60,70,48,40,48,251,未参加,
我本人觉得有效阅读可以从三大方面来实行：[BC，]第一把简介读过一遍，若没有提供简介，我们可以自己把书本读一遍，接着把故事的大纲写出来；[BC，]第二把生字写出来，加以运用；[BC。]最后把故事的最终意义加以思考和推论{CJba}。,200310540540150052,印度尼西亚,1,200310,谈有效阅读,65,65,75,69,70,328,C,
尤其是我们{CC2我}要{CC欲}空手打天下。[BC，],200310540540150070,印度尼西亚,1,200310,谈有效阅读,60,65,50,47,79,284,未参加,
所以男女混合式教育是必要的。,200311952922230010,美国,2,200311,我对男女分班的看法,75,80,74,70,85,375,B,
我现在学汉语的主要目的就是为了将来找到一份[B分]好工作。,200304131501200016,中国,2,200304,我学汉语是为了……,80,70,41,32,60,273,未参加,
因为我是华人[BQ，]但移居{CD了}加拿大多年对于中国真正的文化，我只略知一二而已。,200304131919200047,加拿大,2,200304,我学汉语是为了……,75,85,65,43,80,341,C,
北京是中国的首都，更是汉语普通话最常用的地方，因此可说是学习汉语的最佳环境[B竟]。,200304131533200092,新加坡,2,200304,我学汉语是为了……,90,70,77,79,88,397,B,
学习汉语还可以多开阔{CC开个}眼界，因为对我来说，学习语言非常有意思，你们可以通过语言来了解他们的生活习惯、文化、传统，同样的词，同样的句子，在不同的环境当中意义[B议]也就不同了。,200304131529100176,泰国,1,200304,我学汉语是为了……,70,75,50,46,77,307,未参加,
所以，他们重视吃的。,200307271523200031,韩国,2,200307,绿色食品与饥饿,75,65,70,49,73,319,C,
如果那个国家还没解决饥饿问题的话，应该不太重视绿色食品。,200307271523200031,韩国,2,200307,绿色食品与饥饿,75,65,70,49,73,319,C,
反正饥饿问题牵扯的方面太多，[BC、]一时半会{CC一进半会}不能解决{CD的}。,200307271525100033,日本,1,200307,绿色食品与饥饿,65,55,51,30,58,241,未参加,
从而产生的绿色食品，给我们带来了这样的问题：绿色食品与不挨饿哪个是第一位的？,200307271523200075,韩国,2,200307,绿色食品与饥饿,75,80,72,62,90,370,B,
我曾{CQ在}报纸上看到过许多青年志愿者到非洲[B州]等贫困地区参加消除贫困的活动。,200307271525200081,日本,2,200307,绿色食品与饥饿,70,65,75,72,99,367,C,
所以，我不懂吸烟者的心情，为什么他们不能戒{CC禁}烟。,200405109525200106,日本,2,200405,吸烟对个人健康和公众利益的影响,65,65,40,66,64,284,未参加,
现在，在许多地方{CD被}禁止吸烟。,200405109525200451,日本,2,200405,吸烟对个人健康和公众利益的影响,65,70,28,58,50,257,未参加,
吸烟是一个“百害无益”的爱好，给{CC对}自己的健康带来很多种疾病，而且在很多人一起生活的社会里惹了不少麻烦。,200405109523100614,韩国,1,200405,吸烟对个人健康和公众利益的影响,70,70,71,66,75,340,C,
这样的政策对国家经济方[C]面可能{CC可以}有{CC1提出}不好的影响，因为吸烟的人{CD可以}不买烟，国家烟产[C]业可能{CC可以}会{CC1遇到}不景气。,200405109523100617,韩国,1,200405,吸烟对个人健康和公众利益的影响,70,60,48,35,46,244,未参加,
随着人们都需要互相了解的态度{CJ-zxy的改变}，[BC。]比如说，最近[C]人们的保健[C]意识是越来越强，[BC。]所以谁都不{CQ想}要{CD被}吸收{CC吸引}{CD抽烟}烟味儿。,200405109523100634,韩国,1,200405,吸烟对个人健康和公众利益的影响,65,60,48,35,50,241,未参加,
抽得不那么多，[BC。]只在家里抽的。,200405109525100675,日本,1,200405,吸烟对个人健康和公众利益的影响,70,65,33,31,44,229,未参加,
虽然吸烟对公众的健康不利[BQ，]但对社会经济发展有利{CD了}。,200405109523100696,韩国,1,200405,吸烟对个人健康和公众利益的影响,70,65,52,56,68,297,C,
我也是一个非吸[B及]烟者，所以我每次{CQ都}遇到困难。[BC，],200405109523200798,韩国,2,200405,吸烟对个人健康和公众利益的影响,70,65,48,50,50,269,未参加,
吸烟损害个人的健康[BD、]那是当然的，[BC、]盒子里也直接写着。,200405109525100891,日本,1,200405,吸烟对个人健康和公众利益的影响,75,70,57,52,48,291,未参加,
他被抽烟的人损伤自己的健康{CJbei}[BQ。],200405109523100986,韩国,1,200405,吸烟对个人健康和公众利益的影响,50,60,31,46,44,211,未参加,
所以我想在公共场所抽烟是不太好的。,200405109525200984,日本,2,200405,吸烟对个人健康和公众利益的影响,65,65,45,52,59,270,未参加,
于是抽烟的人做了一点儿的激烈{CC热烈}的运动{CQ后}就{CQ因}难以呼吸而容易感到累。,200405109523101054,韩国,1,200405,吸烟对个人健康和公众利益的影响,65,60,57,41,48,254,未参加,
{CP“吸烟”这个问题是人们经常关注的比较严重的问题，[BC。]于是每个人都很了解吸烟对健康毫无益处{CC利益}。P},200405109523201055,韩国,2,200405,吸烟对个人健康和公众利益的影响,65,65,50,64,55,283,C,
吸烟[C]给{CC对}人们{CQ的}健康带来很大的危害。,200405109523201164,韩国,2,200405,吸烟对个人健康和公众利益的影响,80,60,76,68,77,348,C,
现在妻子得病了——肺[C]炎。,200405109523201402,韩国,2,200405,吸烟对个人健康和公众利益的影响,70,70,59,46,53,286,C,
个人吸烟不吸烟是另外一回事。,200405109525201480,日本,2,200405,吸烟对个人健康和公众利益的影响,80,80,81,75,93,401,B,
“烟”本身并不是法[C]律所禁止的物品。,200405109525201568,日本,2,200405,吸烟对个人健康和公众利益的影响,70,75,59,62,64,319,C,
这是当然有理由的{CJsd}。,200405109525201568,日本,2,200405,吸烟对个人健康和公众利益的影响,70,75,59,62,64,319,C,
对该措施我基本上同意。,200405109525101775,日本,1,200405,吸烟对个人健康和公众利益的影响,70,70,55,68,55,306,C,
如今，抽烟的地方越来越少了。,200405109523201790,韩国,2,200405,吸烟对个人健康和公众利益的影响,60,70,28,25,30,198,未参加,
因为我现在上中学，在学校也学过吸烟对人有什么危害，据[B具]说，在[B再]旁边有吸烟者{CC人}的话，你比吸烟人{CJX}{CJ-dy受到的}危害更大，所以我同意[BD“]某市政府[BD”]的这项规定。,200405109523101797,韩国,1,200405,吸烟对个人健康和公众利益的影响,80,65,71,54,77,335,C,
首先抽烟对个人健[B建]康有害。,200405109523201800,韩国,2,200405,吸烟对个人健康和公众利益的影响,70,75,67,66,61,328,C,
如果孩子、孕妇、病人等吸入烟的话，对他们的{CD烟的}影响是非常巨大的。,200405109525101813,日本,1,200405,吸烟对个人健康和公众利益的影响,75,70,62,70,66,332,C,
某{CD一个}市政府制定了在公众场所里吸烟时对{CC给}抽烟的人罚款的规定、[BC，]劝说{CC劝[Pqáun]告}电视上尽力不放映[C]吸烟的场面、[BC，]给烟多加关税等的现象，这都是因日益提高的禁烟的意识{CD度}而产生的。,200405109523201851,韩国,2,200405,吸烟对个人健康和公众利益的影响,70,65,69,58,59,307,C,
首先，吸烟对个人会引起健康问题{CC影响}。,200405109523201890,韩国,2,200405,吸烟对个人健康和公众利益的影响,65,90,55,48,70,319,未参加,
还有{CQ如果}有一位青少年见到吸烟者[BQ，]可能影响到他的{CC他们}情绪，{CJ-zhuy他}可能会开始吸烟。,200405109523200530,韩国,2,200405,吸烟对个人健康和公众利益的影响,70,65,62,60,73,316,C,
吸烟者想要抽就抽吧，不过这有一个条件，就是不让被动吸烟者受委屈。,200405109523201381,韩国,2,200405,吸烟对个人健康和公众利益的影响,70,65,64,54,70,309,C,
吸烟跟健康有密切的关系。,200405109523201385,韩国,2,200405,吸烟对个人健康和公众利益的影响,60,60,52,48,51,253,未参加,
人{CJ+zxy的注意力}不是完美的，有时候犯错误。,200405109525100197,日本,1,200405,吸烟对个人健康和公众利益的影响,85,80,64,64,62,348,C,
他也许没想到我的心理。,200405109525100283,日本,1,200405,吸烟对个人健康和公众利益的影响,55,65,21,62,45,230,未参加,
政府的[C]这次措[B错]施是非常重要的[C]一{CQ个}项目。,200405109523200938,韩国,2,200405,吸烟对个人健康和公众利益的影响,80,70,57,52,65,314,未参加,
青少年在身体上、精神上还没[L]有成熟，他们只是为了抽烟显得很帅，这样单纯的理由，而好奇地吸烟。,200405109525201278,日本,2,200405,吸烟对个人健康和公众利益的影响,70,65,84,56,67,328,C,
所以我认为吸烟[F煙]是一种公害。,200405204525200013,日本,2,200405,吸烟对个人健康和公众利益的影响,75,70,63,49,67,313,C,
总的来说，在公共场所不允[B充]许[L]吸烟是很{CC最}重要{CJsd}。,200405204525200246,日本,2,200405,吸烟对个人健康和公众利益的影响,60,55,38,58,54,246,未参加,
有人说，吸好烟以后感到很舒服，也有的人说，吸烟后工作、学习的效率{CJ-zy会}提高。,200405204525100268,日本,1,200405,吸烟对个人健康和公众利益的影响,65,65,58,58,63,293,C,
听说吸人家的人对孩子的影响非常大。,200405204525100268,日本,1,200405,吸烟对个人健康和公众利益的影响,65,65,58,58,63,293,C,
然后自己想一想在公共场所的时候自己怎么做{CC1行为}。,200405204525200283,日本,2,200405,吸烟对个人健康和公众利益的影响,70,70,33,30,56,247,未参加,
吸烟时的烟{CJ-zy会}传给{CC到}下一代人。,200405204525200293,日本,2,200405,吸烟对个人健康和公众利益的影响,60,65,38,70,56,272,未参加,
但是{CJ+zhuy我们}为了良好的空气[BQ、]良好的习惯[BQ、]良好的城市[BQ，]我们努力执行这种规定{CQ吧}。,200405204525200318,日本,2,200405,吸烟对个人健康和公众利益的影响,65,70,44,47,29,241,未参加,
虽然他们青年人只是想装作大人而已，可是他们不知道他们正做的事情多么严重。{CP还有吸烟{CJ-zy会},200405204525100339,日本,1,200405,吸烟对个人健康和公众利益的影响,70,75,60,65,76,335,C,
而且烟火和小孩的头部的高度是差不多的。,200405204525100381,日本,1,200405,吸烟对个人健康和公众利益的影响,60,60,58,54,42,256,未参加,
它还会给{CC对}公共场所[C]的环境方面带来不少的麻烦，使我们大家不能在一个整洁的环境里生活。,200405204525200432,日本,2,200405,吸烟对个人健康和公众利益的影响,70,75,88,58,67,347,C,
他说{CC诉}{CD着}{CJ-zhuy他}非常地痛苦，[BC、]{CJ-zy后来}去世了。,200405204525200460,日本,2,200405,吸烟对个人健康和公众利益的影响,60,60,58,65,61,286,未参加,
青少年看到这样的行为的话，他们长大后肯定做一样的事。,200405205525200100,日本,2,200405,吸烟对个人健康和公众利益的影响,60,90,41,70,74,325,未参加,
这是对公共场所的第一个害处{CC2害}。,200405205525100177,日本,1,200405,吸烟对个人健康和公众利益的影响,65,80,55,56,63,307,C,
是因为，首先{CJ-zhuy吸烟}对吸烟者自己的身体有害。[BC，],200405201525200222,日本,2,200405,吸烟对个人健康和公众利益的影响,55,75,52,65,67,299,未参加,
我还要指出{CC主张}抽烟的人中有不少的人有随地乱扔吸过的烟的坏习惯。,200405201525200304,日本,2,200405,吸烟对个人健康和公众利益的影响,70,75,55,58,58,305,C,
我觉得不但要实施这个措施，而且最重要的一点是不应该买烟给青少年。[BC.],200405024529100307,泰国,1,200405,吸烟对个人健康和公众利益的影响,45,70,55,35,70,257,未参加,
也许，他会了解{CC看过}我的脾[B皮]气。,200410534533250003,新加坡,2,200410,最理想的结交方式,65,60,19,40,30,197,未参加,
只要他有那份心意，我也能用心灵去感受他的真挚。,200410534533250007,新加坡,2,200410,最理想的结交方式,75,90,74,67,72,372,B,
我觉得自己认识异性是一件很伤脑筋的事。,200410534533250015,新加坡,2,200410,最理想的结交方式,85,80,63,51,72,344,C,
大家都能够为共同的目标前进[B近]，而建立美好家园。,200410534533250015,新加坡,2,200410,最理想的结交方式,85,80,63,51,72,344,C,
因为他们对这孩子有很大的希望[BQ，]就是以后他们的孩子会当运动员，[BC。]然后会慢慢地{CC的}当{CD了}明星运动员。,200404140540200298,印度尼西亚,2,200404,运动员收入,65,65,49,32,45,240,未参加,
除此以为，吸烟者的身体免疫[C]力都会大大降低{CC减底}{CD了}。,200405680519150014,马来西亚,1,200405,吸烟对个人健康和公众利益的影响,70,65,66,83,84,354,C,
此外，吸入二手烟的人，健康状况比吸烟的人更为恶劣！,200405680519150050,马来西亚,1,200405,吸烟对个人健康和公众利益的影响,70,95,74,72,89,393,B,
身为父母{CD的}，会因此而担忧[F憂]。,200504534533250078,新加坡,2,200504,我对男女分班的看法,65,55,42,43,50,237,未参加,
男人所能做的事，女人一样可以做到，甚至做得{CC的}更好。[BC.],200504534519250093,马来西亚,2,200504,我对男女分班的看法,70,80,78,78,79,375,B,
读了这个短文后，我觉得不应该男女分班。,200504534533250133,新加坡,2,200504,我对男女分班的看法,70,80,70,71,70,351,B,
您可能认为[L]那没{CC有}什么稀[B希]奇，但我个人认为，了解异性的思想，会促[B处]使那位青少年有更开放的想法[B方]。,200504534533250166,新加坡,2,200504,我对男女分班的看法,85,80,70,60,55,343,B,
在一起读书能彼此互[B护]相帮助与鼓励，这样一来能为这些未[C]来的领导者形成{CC2制造出}将来彼此信赖{CC相赖}的观念。,200504534533250182,新加坡,2,200504,我对男女分班的看法,65,65,59,69,59,301,C,
我一提，{CQ就}被父母泼冷水。,200505109525200907,日本,2,200505,父母是孩子的第一任老师,80,90,87,58,79,389,B,
我自己的行为举止深受我父母的影[B印]响，这是我天天能{CC在}体会到的。,200505109942100928,厄瓜多尔,1,200505,父母是孩子的第一任老师,75,45,52,31,46,231,未参加,
当然是父母。P},200505109525201003,日本,2,200505,父母是孩子的第一任老师,60,65,39,43,62,252,未参加,
孩子长大的结果也是要看他的父母怎么样教育他。,200505109540101118,印度尼西亚,1,200505,父母是孩子的第一任老师,70,65,55,35,62,273,未参加,
那小孩开始[C]说“我也要看机器[C]猫的节目？,200505109525201372,日本,2,200505,父母是孩子的第一任老师,70,75,57,53,59,303,未参加,
这是随着{WWJ},200505109525201854,日本,2,200505,父母是孩子的第一任老师,45,50,41,35,52,200,未参加,
如果学习外语的话，[BC、]学会的第一句话不是“妈妈”而是“你好”。,200505109525102002,日本,1,200505,父母是孩子的第一任老师,60,60,50,49,76,277,未参加,
血表达生命的本能，不管人、动物、所有的生命是为了血{CQ的}延续{CC连续}。,200505109525102002,日本,1,200505,父母是孩子的第一任老师,60,60,50,49,76,277,未参加,
因为孩子出生后，从时间上来说，孩子和父母一起{CJX}在的时间比较长，特别是孩子上学之前的一段时间。,200505109525202041,日本,2,200505,父母是孩子的第一任老师,65,70,52,67,72,312,C,
那样的很多老师之中{CC之内}，对孩子的影响最大的是孩子的父亲[F親]、[BC，]母亲[F親]。,200505109525102114,日本,1,200505,父母是孩子的第一任老师,45,55,37,59,58,232,未参加,
孩子慢[C]慢[C]地{CC的}成[C]长[C]，父母就慢[C]慢[C]地{CC的}教自己的小宝宝说话、走路。,200505109525102411,日本,1,200505,父母是孩子的第一任老师,90,65,85,78,88,397,B,
她的哥哥和母亲的性格差不多[C]。,200505109525202469,日本,2,200505,父母是孩子的第一任老师,65,75,58,59,80,324,C,
我来中国留学跟同学们开始集体{CC集团[C]}生活以后才发现，父母给我的影响特别是母亲给我的影响是多么大、多么深的。,200505109525202494,日本,2,200505,父母是孩子的第一任老师,60,50,44,41,52,227,未参加,
我的家庭有三口人。,200505109525202500,日本,2,200505,父母是孩子的第一任老师,70,60,56,69,74,314,未参加,
人们小时候接触最多的是父母，因此不管孩子怎么想，都会受到父母的影响。,200505109525102544,日本,1,200505,父母是孩子的第一任老师,60,60,58,65,72,297,未参加,
”我们遇到所有{CQ的}事开始是最重要的。,200505109523102613,韩国,1,200505,父母是孩子的第一任老师,80,75,41,47,63,297,未参加,
他们是我最好的老师。,200505271636200045,乌克兰,2,200505,父母是孩子的第一任老师,75,70,35,41,61,271,未参加,
他们是我的父母、[BC，]朋友，也{CJX}同时是最重要的第一任老师。,200505205533200045,新加坡,2,200505,父母是孩子的第一任老师,70,90,78,61,65,357,C,
父母不再是他们的老师，[BC。]孩子们的思想也不一样了，[BC。]爱好行为也不一样了。,200505212540200006,印度尼西亚,2,200505,父母是孩子的第一任老师,75,50,31,39,50,229,未参加,
尽管媒[B谋]体不常报道[B导]{CC提出}父母对教育情况的明显影响，我们还应该重视父母培养{CC2养}孩子的责任。,200505224922100102,美国,1,200505,父母是孩子的第一任老师,65,70,50,53,45,269,未参加,
有些单[F單]亲[F親]家庭的孩子，因未受到妥善的管教，以至造成不少社会[F會]{CJX}的青少年犯罪问[F問]题[F題]。,200505951501150008,中国,1,200505,最理想的结交方式,85,90,79,82,93,425,A,
甚至有时他们觉得自己的父母是一个了不起的人，他们也希望当他们长大后也成为一个成功{CQ的}人，就像他们的父母一样。,200505209542200083,越南,2,200505,父母是孩子的第一任老师,85,85,56,55,65,341,C,
如果父母不给孩子良好的家庭教育[BQ，]说不定[D会]他们会走向{CJ+dy社会的}邪路。,200505209542200083,越南,2,200505,父母是孩子的第一任老师,85,85,56,55,65,341,C,
父母的兴趣爱好还有{CC还是}思想观念{CD是}从小到大在孩子心目中{CD给}留{CJ-buy下}了特别深刻的印象。,200505201540100303,印度尼西亚,1,200505,父母是孩子的第一任老师,60,60,48,37,45,232,未参加,
虽然教育孩子很难，但都是为了孩子的未来。,200505332540200004,印度尼西亚,2,200505,父母是孩子的第一任老师,55,60,31,29,34,190,未参加,
有一次，[BC。]我同学有了书里不明白的问题，当时他最信任的人是我，所以他就来问我了。,200505332529100013,泰国,1,200505,父母是孩子的第一任老师,70,90,58,45,54,310,C,
正是在这个意义上，可以说“父母是孩子的第一任老师”。,200505332529200014,泰国,2,200505,父母是孩子的第一任老师,60,65,46,43,52,249,未参加,
“父母是孩子的第一任老师”[BQ，]自古以来就是一个真理。,200505332542200018,越南,2,200505,父母是孩子的第一任老师,85,65,56,65,74,334,C,
原因很多{CC1广大}。,200505332540200028,印度尼西亚,2,200505,父母是孩子的第一任老师,65,70,39,31,50,241,未参加,
现在的孩子们不仅有好的环境而且在他们的身边有着很好的父母。,200505024542200397,越南,2,200505,父母是孩子的第一任老师,65,70,56,63,52,292,C,
为了[B人]事业上之进一步发展，及因对贵公司理念有一致之认[F認]同，也对贵公司之企业文化有一定之认[F認]识，本人深信{CC相}必能融入贵公司之企业文化，加上配合一致之理念，加入贵公司，给{CC对}本人及贵公司能{CJX}带来双赢局面！,200509534533150018,新加坡,1,200509,一封求职信,70,75,70,62,93,359,C,
本人在媒体上得阅贵公司欲聘请新员工的启事。,200509534519150025,马来西亚,1,200509,一封求职信,70,70,79,84,95,386,C,
也有一位兄长[F長]是从[F從]事驾驶旅游车的司机。,200509534533150026,新加坡,1,200509,一封求职信,55,75,52,44,59,270,未参加,
同年受聘服务[F務]于首都旅游{CQ公司}。,200509534533150028,新加坡,1,200509,一封求职信,70,80,68,55,86,349,C,
我在课余的时间也是新加坡—剑桥法律学会的主席，并且也代表该大学参加网球比赛。,200509534533250030,新加坡,2,200509,一封求职信,65,70,63,58,73,315,C,
特此写信给贵公司，希望能在贵公司工作，希望贵公司能给予[B于]一次机会。,200509534533150113,新加坡,1,200509,一封求职信,70,70,68,60,79,335,C,
贵公司财力雄厚，重视人才。,200509534533250122,新加坡,2,200509,一封求职信,70,70,61,51,77,317,C,
所以，我本人相信我一定能胜任。,200509534533150141,新加坡,1,200509,一封求职信,70,70,48,51,46,273,未参加,
希望贵公司能[C]尽早给予我答付。,200509534533150142,新加坡,1,200509,一封求职信,75,65,82,55,86,350,C,
我写这封信是为了应聘贵公司经理的职位。,200509534533250168,新加坡,2,200509,一封求职信,70,75,86,71,88,379,B,
我觉得音乐{CD是}对人的心理健康有利，产生了自己[B已]的一些感情。,200510111523200061,韩国,2,200510,我看流行歌曲,85,80,53,38,62,311,未参加,
希望一些创[C]造{CJX}健康的音乐。,200510111523100421,韩国,1,200510,我看流行歌曲,70,55,74,46,77,306,未参加,
比如，我为得到好成绩而努力学习，但我的成绩不好的话，我的心里很难受。,200510111523200776,韩国,2,200510,我看流行歌曲,70,75,63,65,57,319,C,
他们是比我们年龄大的成人，以前这些{CD大}成人也是跟我们一样的少[B小]年，那时候这些人也很喜欢{CD了}歌曲，因为以前的歌跟现在有很大的差异，所以有些人不喜欢现代的歌曲。,200510111523100785,韩国,1,200510,我看流行歌曲,50,65,53,42,50,241,未参加,
有的孩子们太迷{CD上}流行歌曲，{WWJ},200510111523200804,韩国,2,200510,我看流行歌曲,55,55,44,54,64,252,未参加,
但有好处。,200510111523201028,韩国,2,200510,我看流行歌曲,65,60,42,42,42,234,未参加,
音乐的许多种类中，我们最熟习的就是流行歌曲。,200510111523101041,韩国,1,200510,我看流行歌曲,60,75,86,75,62,344,C,
喜欢听什么流行歌曲没有什么问题，但是有些歌迷们的行动我不太了解。,200510111523201049,韩国,2,200510,我看流行歌曲,55,55,60,44,64,258,未参加,
但是，我觉得流行歌曲也是{CD一种}音乐的一部分，没有任何理由蔑[C]视它。,200510111523201251,韩国,2,200510,我看流行歌曲,70,75,63,54,69,320,C,
但是应该[B刻]有自己的节制才好事{CJs}，所以我也喜欢流行歌曲。,200510111523101280,韩国,1,200510,我看流行歌曲,60,65,49,40,42,239,未参加,
”这句话我绝对不能了解。,200510111523201573,韩国,2,200510,我看流行歌曲,60,60,30,20,40,192,未参加,
在90年代以后，世界上歌曲文化有了变化[BQ，]这就是新出现了{CC的}流行歌曲，以前人们的歌曲文化是听{CJX}好的歌曲就{CQ是}好的歌曲。,200510111523101595,韩国,1,200510,我看流行歌曲,65,55,51,42,32,227,未参加,
流行歌曲不是一直一样的，而是每{CQ个}时代都不一样，所以能{CJX}说它反映时代的变化。,200510111523201596,韩国,2,200510,我看流行歌曲,70,65,53,50,69,293,未参加,
这两个词一听就觉得那样儿{CJs}，冲动，飘摇，没有什么深刻的东西。,200510111542201697,越南,2,200510,我看流行歌曲,90,75,67,56,62,344,C,
歌曲的内容跟老百姓的生活很有关，比如说爱情、痛苦、朋友、父母什么什么的，所以有的人听以后觉得这首歌反映我的心里，听歌曲的时候感动。,200510111523201859,韩国,2,200510,我看流行歌曲,65,65,44,42,67,267,未参加,
其次，就要注重孩子品德修养的素质，这是非常重要的环节。[BC，],200510919919250004,加拿大,2,200510,父母是孩子的第一任老师,85,95,77,68,96,417,B,
有些人为[F為]了见[F見]心爱[F愛]的歌手一面，不惜大排长[F長]龙[F龍]，从[F從]早上排到下午，就{CC又}为[F為]了见[F見]短短的几[F幾]分钟[F鈡]面，但是，也有些人不喜欢[F歡]流行歌曲，认[F認]为[F爲]崇拜偶像的人都太疯狂了。,200510512512250038,菲律宾,2,200510,我看流行歌曲,80,95,81,85,94,430,B,
最重要的原因是流行歌曲对我的心情很大的影响{CJy}。,200510261635200021,俄罗斯,2,200510,我看流行歌曲,65,65,44,34,45,237,未参加,
我认为只要自己节制对歌星{CJ-zxy喜欢}的程度，可以让自己用得到流行歌对我们的好处，那么无论在学习时或做运动时，流行歌对自己更加快乐感{CJ？}，流行歌在{CC与}人们生活当中是“[BC‘]密不可分”[BC’]的东西[BQ。]因此，我对流行歌一向是支持，也支持流行歌的发展。,200510302523200003,韩国,2,200510,我看流行歌曲,70,50,67,46,74,290,未参加,
由于他们[BQ，]韩国的音乐发展得快而且发展到整个世界。,200510302523100017,韩国,1,200510,我看流行歌曲,55,60,58,63,57,274,未参加,
我喜欢流行歌曲的理由，是因为流行歌曲的种类很多。,200510302523200020,韩国,2,200510,我看流行歌曲,75,70,72,75,89,370,B,
还是要小心出事故好一点{CJ？}。,200510302523200105,韩国,2,200510,我看流行歌曲,65,55,60,52,74,288,未参加,
最后，流行[C]歌曲的歌词越来[C]越[C]商[C]业化。,200510302523100128,韩国,1,200510,我看流行歌曲,85,70,74,61,79,360,C,
鸟儿在唱歌，蟋蟀也在秋天里动听地{CC的}歌唱着。,200510302523200194,韩国,2,200510,我看流行歌曲,80,80,72,67,87,378,B,
对年轻人来说，流行歌曲是一种互相交流的手段[B短]。,200510302523100201,韩国,1,200510,我看流行歌曲,60,60,65,32,59,258,未参加,
在这世界化的时代，我们经常在卫视[F視]音乐节目上，看到世界有名歌首[B手]表演出他们各自的唱歌{CJ-zxy演出}[BQ，]锻[B缎]练[F練]结束[C]，有时候他们把奇奇怪怪的姿式摆{CC1扮演}在舞台上，真的难看，名义是歌曲演唱会，但我们观[F觀[C]]众得不到什么效益。,200510532529150001,泰国,1,200510,我看流行歌曲,70,65,39,42,52,254,未参加,
不过华语流行曲也并不是全都不好，也有一部分[B份]就像《烟雨濛濛》的主题曲等听起来比较舒服。,200510540540200018,印度尼西亚,2,200510,我看流行歌曲,70,75,51,40,62,287,未参加,
那当然也就适舍爱情高潮[B超]时听，那时当然就是十五六岁至三十岁以内的人听。,200510540540200023,印度尼西亚,2,200510,我看流行歌曲,65,65,60,46,67,287,C,
尤[B由]其是老人家。,200510540540200053,印度尼西亚,2,200510,我看流行歌曲,70,65,70,69,64,324,C,
纵使男女之间的相识方式各有不同，但是他们终究会寻找到属于自己、合适自己的结交方式。,200505680519250005,马来西亚,2,200505,最理想的结交方式,75,95,82,75,84,405,B,
母亲为腹中的胎儿讲故事，给孩子听音乐，希望在孩子出生前就受到良好{CC美好}的教育。,200509602801250012,澳大利亚,2,200509,父母是孩子的第一任老师,80,70,83,72,84,379,B,
虽然在现代社会中，有许多另外的一些有影响力的团体，但父母的影响力始终是最大的。,200509602801250013,澳大利亚,2,200509,父母是孩子的第一任老师,0,80,74,85,94,330,未参加,
老大爷好像看我的样子太可笑了便大笑起来：“小姑娘苹果[Y]四块[B坏]钱一斤不是十块[B坏]钱一斤”。,200104124542200026,越南,2,200104,一封写给父母的信,80,80,60,51,54,317,C,
可是现在呢，我还可以了解这世界的各种各样{CJ-zxy的事情}。,200104124525200066,日本,2,200104,一封写给父母的信,65,75,27,51,47,252,未参加,
2002年4月15日,200104124523200104,韩国,2,200104,一封写给父母的信,70,80,44,25,31,240,未参加,
爸爸，今天上午考完试后，我马上给您回信，生怕您在家里担心我，我现在身体很健康，学习也很好，上个学期，我的考试成绩均九十一分{CJs}，这个学期的期中考试，我也考得[C]很好。,200104124542100109,越南,1,200104,一封写给父母的信,80,65,77,51,67,328,C,
他是{CD个}一个{CC名}新好男人，你们会喜欢的。,200104124525200154,日本,2,200104,一封写给父母的信,65,80,58,68,49,308,C,
身体还好吗？,200104124523100172,韩国,1,200104,一封写给父母的信,70,60,38,49,54,256,未参加,
我们应该喝[C]{CJX}多水。,200104124540200175,印度尼西亚,2,200104,一封写给父母的信,60,60,27,25,24,178,未参加,
我身体很健康，也努力学习。,200104124523200226,韩国,2,200104,一封写给父母的信,70,70,52,35,49,264,未参加,
信已经很长了，我就不多写了。,200104124542200230,越南,2,200104,一封写给父母的信,70,75,60,54,83,331,C,
以前的我是做什么事情都需要妈妈的吧，[BC。]自己的事情也不能由自己来做主[B住]。,200104124523200418,韩国,2,200104,一封写给父母的信,70,75,44,44,45,267,未参加,
现在在韩国经济情况{CD来说}不太好，[BC。]韩国以外{CQ的}亚州其它国家也不太好。,200104124523100463,韩国,1,200104,一封写给父母的信,65,65,38,25,42,219,未参加,
我已大学毕业了，身高1.75米，已[B己]有了当模特的经验。,199200204539200042,印度,2,199200,一封求职信,,,0,0,0,0,未参加,
这是我主要的看法。,199604123523200317,韩国,2,199604,如何看待“安乐死”,65,60,35,61,47,251,未参加,
妻子得了一种不治之症，十分痛苦，要求丈夫帮助她自杀。,199604124635200109,俄罗斯,2,199604,如何看待“安乐死”,65,50,29,39,34,197,未参加,
法院一定认为是她丈夫故意杀人了。,199604123529100209,泰国,1,199604,如何看待“安乐死”,60,65,24,39,34,205,未参加,
我想他这样做是{CJX}真了不起。,199604124529200129,泰国,2,199604,如何看待“安乐死”,60,60,40,37,42,221,未参加,
{CQ在}现在文明发达的世上{CD当中}，[BC.]应该重视“人命在天”的教训。[BC.],199604123523100246,韩国,1,199604,如何看待“安乐死”,60,60,42,49,34,227,未参加,
我自己认为“安乐死”是很特别的情况下才能实行。,199604123525200080,日本,2,199604,如何看待“安乐死”,60,65,27,57,11,203,未参加,
当时奶奶差不多植物人的状况{CJs}。,199604124525100077,日本,1,199604,如何看待“安乐死”,60,55,56,61,52,265,未参加,
三给{CC对}全社会{CJX}{CD让}这些病[C]人生活带来很多问题。,199604123619100003,罗马尼亚,1,199604,如何看待“安乐死”,80,60,45,54,31,257,未参加,
还有病人{CC他人}家族为了得到病人{CC他人}的生命保险金，[BC、]逼{CC硬}着病人{CC他人}写“安乐死同意书”那怎么办？,199604124525100075,日本,1,199604,如何看待“安乐死”,80,55,66,54,67,308,C,
为了能尽量把“[BC‘]代沟”[BC’]的影响减少，专家们不时地{CC的}{CQ在}报章与广播{CQ上}发表了不少意见[F見]。,199610802801100006,澳大利亚,1,199610,如何解决“代沟”问题,90,70,54,36,78,321,未参加,
像我{CD的话}，在家里很少有时间跟爸、妈谈话，还时时感到他们不太理解我。,199610550523290014,韩国,2,199610,如何解决“代沟”问题,75,70,91,63,74,362,C,
父母说完后，子女说对父母不满意的方面。,199610550523190055,韩国,1,199610,如何解决“代沟”问题,70,75,0,50,53,237,未参加,
这个原因是什么呢？,199610550523190065,韩国,1,199610,如何解决“代沟”问题,60,55,62,38,37,233,未参加,
这也说明{CC显得}{CQ了}我多么地{CC的}爱我的子女们，[BC。]我也希望他们同样{CD的}爱我。,199611543533100530,新加坡,1,199611,如何解决“代沟”问题,90,80,70,48,53,336,C,
那用什么办法可以解决代沟{CJ-zxy问题}呢？,199611543523100507,韩国,1,199611,如何解决“代沟”问题,75,70,46,42,43,265,未参加,
所以大家以后做人要多为别人着想，千万不要太{CD过}自私自利，以免后悔莫及。,199603533533100003,新加坡,1,199603,由“三个和尚没水喝”想到的……,75,70,58,60,91,343,C,
乙和尚在梦中尝试用滑轮的形式让骨瘦如柴的他，用其发明的新方法从山上座椅滑下山去再以缆车的方式把水给带回来。,199603533533200030,新加坡,2,199603,由“三个和尚没水喝”想到的……,85,90,63,60,87,381,C,
但是一旦有了依赖，人自力[B立]更生的本能有时就会渐渐消失{CC渐失}。,199603533533200072,新加坡,2,199603,由“三个和尚没水喝”想到的……,85,90,71,70,82,394,B,
至于第三个和尚就无可救药{CQ了}，他以为能够坐享其福、享用别人的成果，不劳而获。,199603533533100093,新加坡,1,199603,由“三个和尚没水喝”想到的……,65,80,69,56,65,323,C,
正是功成身退，坐享成果之时了。,199603533533200094,新加坡,2,199603,由“三个和尚没水喝”想到的……,80,85,69,70,82,380,B,
一个这样的长者，又如何做出好榜样，供后辈做楷模？,199603533533200102,新加坡,2,199603,由“三个和尚没水喝”想到的……,95,95,74,65,94,422,B,
接着那三个和尚就去寻找工具，准备到后山去挖[C]井取水。,199604680519100516,马来西亚,1,199604,由“三个和尚没水喝”想到的……,95,75,66,72,84,387,B,
我想第一个和尚应该休息，因为他已工作过很长时间，该休息{CJ+zxy的时间}了。,199605104525100018,日本,1,199605,由“三个和尚没水喝”想到的……,65,70,69,74,70,334,C,
一般[C]来说，人们{CC人间}很[C]重[C]视自己的财[C]产、利益，而{CC1反而}不太重[C]视别{CD的}人的事情。{CP这个故事也是这样，[BC。]一个人住在一座高山上的一座庙里的时候，{CD一个人},199605104523100071,韩国,1,199605,由“三个和尚没水喝”想到的……,65,55,33,51,44,230,未参加,
我阅读完这段短文就想[C]到的是[BD，]“合作精神易言难行”的事。,199605104525100064,日本,1,199605,由“三个和尚没水喝”想到的……,60,65,60,76,82,326,C,
总之，人们需要为别[C]人无偿报酬[C]服务精神，还要互相帮助，团结一致{CC互相团结}。,199605104523200079,韩国,2,199605,由“三个和尚没水喝”想到的……,70,60,63,63,56,297,C,
到这个时[C]候怎么办？,199605104523100128,韩国,1,199605,由“三个和尚没水喝”想到的……,60,65,66,56,72,302,C,
本来一个人每[B海]天要到山底下挑水喝，[BC。]那么人多的话一起互相帮助，商量以后轮流{CC2论}去抬水多{CC更}好啊！{CP自己的事儿是应该自己做的，而且大家一起做的事儿是应该协同努力{CJsd},199605104523200153,韩国,2,199605,由“三个和尚没水喝”想到的……,55,50,55,38,49,226,未参加,
第二个和尚也觉得[C]不甘心，不想{CC要}下山去，他觉得[C]还[C]比第三个和尚来[B耒]得[C]早[BQ，]每天都是他去挑水，现在该轮[B论]到第三个和尚去。,199605104540200201,印度尼西亚,2,199605,由“三个和尚没水喝”想到的……,70,60,69,42,46,272,未参加,
在国际事务中也是这样的。,199605104501100238,中国,1,199605,由“三个和尚没水喝”想到的……,80,75,69,56,75,346,C,
我也肯定属于这位和尚{CJ-zxy这样的人}。,199605104523200279,韩国,2,199605,由“三个和尚没水喝”想到的……,80,70,44,49,56,289,未参加,
这篇短文让我们想到只{CD会}顾自己{CD时}的结果是怎样{CJsd}。{CJ-zhuy人},199605104523200318,韩国,2,199605,由“三个和尚没水喝”想到的……,65,60,74,54,80,316,C,
为了创造{CC做成}更好的未来，人们应该为{CD人}别人生活。,199605104523200320,韩国,2,199605,由“三个和尚没水喝”想到的……,65,55,69,60,58,289,C,
有一天我父母有事儿，开车出去了。{CD在},199605104525200321,日本,2,199605,由“三个和尚没水喝”想到的……,55,65,38,58,56,254,未参加,
比方说[BQ：]为了生活、为了赚[C]钱[C]、为了更好的社会地位、为了通过工作表现[C]自己的价值[C]观。,199605104525100343,日本,1,199605,由“三个和尚没水喝”想到的……,80,70,44,49,42,275,未参加,
中国人{CC1人民[C]}不知道排[C]队，[BC.]只考虑自己先[C]买到票{CC1票子}、东西。,199605104525100374,日本,1,199605,由“三个和尚没水喝”想到的……,70,70,49,76,68,321,C,
我看完这段短文，觉得很有意思。,199605104525100391,日本,1,199605,由“三个和尚没水喝”想到的……,75,80,69,72,65,352,B,
一个部门上人太[C]多，所以有[C]几个朋友只是负{CC干}自己的责任。,199605550523190046,韩国,1,199605,由“三个和尚没水喝”想到的……,65,65,60,70,61,305,C,
他们都是和尚。,199605550523190073,韩国,1,199605,由“三个和尚没水喝”想到的……,60,60,66,70,49,287,未参加,
影响对我最大的人不属于这一类，反而是一个完全普通的而又很特殊的人。,199704123616200106,德国,2,199704,记对我影响最大的一个人,85,85,56,47,73,341,未参加,
在一个古老的大家庭中，我是最小的一个，第十二个，上有六位哥哥，五位姐姐。,200110540540250068,印度尼西亚,2,200110,我的童年,75,90,68,77,88,392,B,
当时母奶不足，又难买到奶粉。,200110540540150095,印度尼西亚,1,200110,我的童年,70,95,82,73,92,405,B,
华族，[BC；]四十岁[F歲][BQ。]拥有新加坡剑[F劍]桥[F橋][BD。]水准[F準]A等文凭[F憑]。,199312533533100071,新加坡,1,199312,一封求职信,60,55,48,69,62,275,未参加,
以下是我个人的履历：本人姓名×××。,199312533533100140,新加坡,1,199312,一封求职信,90,75,74,74,100,407,B,
1981毕[F畢]业后[F後]，于达[F達]成中学任职[F職]至今。,199312533533100144,新加坡,1,199312,一封求职信,85,80,78,76,78,391,B,
大牌32号东海岸路门牌9号新加坡邮区1312快乐家庭旅游公司李文先生李先生：应聘导游职位本人×××，乃新加坡国立大学文学系的毕业生，今日在报章上看到贵公司刊登的招聘启事，对导游一职极感兴趣，故在此致函，希望有机会为贵公司服务。,199312533533200152,新加坡,2,199312,一封求职信,75,80,62,58,73,339,C,
也在大利公司当过五年的司机，有优良的驾驶纪录。,199312533533200159,新加坡,2,199312,一封求职信,80,90,60,50,57,332,C,
我是日本人，从北海道来的工作经验多的女性，[BC。]年纪[B级]比较大{CC多}。,199312124525200151,日本,2,199312,一封求职信,45,45,18,27,45,154,未参加,
我在大学的时候专门学习汉语，除此以外，学习日语教授法，现在有日语教师的资格。,199312123525100302,日本,1,199312,一封求职信,55,65,39,47,39,228,未参加,
虽然[C]我没有[C]那么多经验，但我会努力学{CC做}到所有的知识{CD在}{CJX}旅游方面。,199312124940100313,秘鲁,1,199312,一封求职信,50,50,48,34,45,204,未参加,
既[B即]然祖国地大物博[C]，历史悠久，旅游热点繁多，而且随[C]着祖国改革开放，面向世界蓬[B逢]勃发展，中国人也要出国看世界的必要性{CD也}越来越大。,199312124525100320,日本,1,199312,一封求职信,75,70,69,70,73,346,C,
于是可以说我具有两年以上工作经验[C]。,199312123745200904,苏丹,2,199312,一封求职信,60,55,41,30,39,206,未参加,
当一个导[C]游你可以跟很多人交流[C]，{CJ-zy可以}去很多地方。,199312123542100924,越南,1,199312,一封求职信,60,60,67,27,48,244,未参加,
对{CQ了}，我还没提到我上大学的成绩[C]呢{CC了}。,199410550523101901,韩国,1,199410,一封求职信,60,70,64,50,53,282,未参加,
我家有四口人，[BC。]爸爸，妈妈，弟弟[BD，]和我[BQ。]我的爸爸是一个技术员。,199412123525200029,日本,2,199412,记我的父亲,55,85,36,28,41,233,未参加,
高中毕业后我就来{CQ了}中国，那时候我父亲也来中国工作，[BC、]在{CC来}语言学院学习{CC开学}期间{CC之间}，我跟他一起生活了半年。[BC、],199412123525100070,日本,1,199412,记我的父亲,50,50,39,36,39,192,未参加,
我知道在他的口袋里每天有好吃的东西[BQ，]专门[B们]给{CC对}小孩子准备{CC预[B予]备}的。,199412123636200072,乌克兰,2,199412,记我的父亲,70,55,39,30,45,223,未参加,
毕业后，我也要当记者[BQ。]今年我父亲{CJ+sy是}四十五岁。,199412123635100088,俄罗斯,1,199412,记我的父亲,45,50,60,34,57,223,未参加,
我真没有想到父亲和女儿双双成了“汉语迷”！,199412124525200016,日本,2,199412,记我的父亲,70,75,75,65,82,356,C,
可是我从来没去过那些地方。,199412124525200041,日本,2,199412,记我的父亲,55,75,65,65,72,317,C,
她等我二十岁{CQ了}，看我的思想基本定下{CQ来}了，{CQ才}开始跟我谈她对他们的评价。,199412104525200102,日本,2,199412,记对我影响最大的一个人,80,85,73,69,76,377,B,
他们的负担更重{CC多}{CQ了}。,199412104523100648,韩国,1,199412,记对我影响最大的一个人,65,65,41,46,35,236,未参加,
时间过得真快，一转眼过去了{CJX}七年的时间。,199412104525200691,日本,2,199412,记对我影响最大的一个人,65,65,57,59,57,287,C,
在我个[F個]人来说，初学的时[F時]候是乐[F樂]多于[F於]苦，因为[F為]分不出错[F錯]和对，但慢慢就有些苦了，因为[F為]不大敢说[F說]，怕被人取笑。,199409543634100220,英国,1,199409,学习汉语的苦与乐,90,80,76,68,79,388,B,
她还是一如既往{CC4如此}投入在工作中。,199500533533100005,新加坡,1,199500,记对我影响最大的一个人,90,75,70,75,80,384,B,
他二十出[C]头就远渡重洋到新加坡找工作{CC3找工}，只提了一个行李，靠着他的聪明才智{CC智慧}和创业的精神，从底层{CC基本}做起到成为上司级，当然是经历过不少的困苦{CD事迹}。,199500533533100046,新加坡,1,199500,记对我影响最大的一个人,80,85,73,59,78,369,B,
我看不起{CC3小看}以向{CC跟}上司讨好而升级的他们。,199500533533100060,新加坡,1,199500,记对我影响最大的一个人,80,75,52,65,74,337,C,
他今年六十五岁[BQ，]是一位日本人。,199500533533200130,新加坡,2,199500,记对我影响最大的一个人,95,65,78,59,69,358,C,
每当我回想起我在南洋理工大学读书的时候，我就会想起我的一位好友兼同窗——[BC，]盈芬。,199500533533100140,新加坡,1,199500,记对我影响最大的一个人,95,80,91,77,82,421,B,
经[F經]过[F過]这一番{CC一段}慈爱的教训[F訓]，我就乖乖地{CC的}去上学{CQ了}，而且{CC而就}很顺[F順]利地{CC的}从[F從]小学、中学、大学、硕士、直[B至]到博士{CD的}学位。,199510512512100506,菲律宾,1,199510,记对我影响最大的一个人,90,95,55,54,57,349,C,
我认[F認]为[F為]人的定义[F義]也是很混乱{CJxw}[BQ，]就是{CQ得了}一种不治之症的人{CJ+sy是}不算人吗[F嗎]？,199510550523100917,韩国,1,199510,如何看待“安乐死”,65,55,62,48,53,265,未参加,
人因身体[F體]的衰老或疾病的感染等因素，导[F導]致病痛而躺卧[C]在床[F牀]上。[BC，],199510550523200919,韩国,2,199510,如何看待“安乐死”,90,85,74,68,77,391,B,
争论的主要焦点在于如何处理好法律与[C]人之常情{CC人事常情}{CQ的}关系。,199511543634100504,英国,1,199511,如何看待“安乐死”,85,85,71,70,86,392,B,
我现在长这么大还那么内向是因为姐姐对我厉[B励]害的缘故吧。,199505550523200902,韩国,2,199505,记对我影响最大的一个人,60,50,62,50,53,255,未参加,
在现在的社会[C]{CD上}[BQ，]在生活中光说自己的母语，可不行了。,199505529529100054,泰国,1,199505,学习汉语的苦与乐,65,80,57,50,82,322,未参加,
中文词[B河]语除了丰富还具有很细的词意分别，[BC。]对外国人{CQ来说}{CJ-zhuy这}是比较不[C]容易理解的语言方面。,199505529529100054,泰国,1,199505,学习汉语的苦与乐,65,80,57,50,82,322,未参加,
这[C]本书就是内田百间的代表作《百间随笔》。,199505104525200026,日本,2,199505,记对我影响最大的一个人,70,75,75,69,69,347,B,
我高中二年级的时候，我爸爸去世了。,199505104523200045,韩国,2,199505,记对我影响最大的一个人,55,75,36,30,53,234,未参加,
虽然这些故事都乱七八糟，可是外祖父耐心地听了。,199505104525200060,日本,2,199505,记对我影响最大的一个人,65,90,65,67,67,345,C,
我从小在她的身边看她的生活。,199505104525200081,日本,2,199505,记对我影响最大的一个人,65,60,65,65,59,297,C,
我舅舅{CJ-dy对我}的影响比较深。,199505104523200110,韩国,2,199505,记对我影响最大的一个人,80,60,70,75,63,335,C,
但我不服气，为了准备考试拼命刻苦学习。,199505104525200182,日本,2,199505,记对我影响最大的一个人,75,90,70,61,61,351,B,
这次我到北京大学学习，正是{CQ因为}85岁的她的坚定支持。,199505104533100221,新加坡,1,199505,记对我影响最大的一个人,95,95,75,79,96,439,A,
我的十二年的空姐生活中，对我影响最大的人是浅野[C]四郎先生。,199505104525200231,日本,2,199505,记对我影响最大的一个人,70,75,75,55,69,333,C,
但他每次遇[C]到我{CJ-zy都}对我说“孩子[BQ，]学习怎[C]么样，[BC。]作业做好了没有。,199505104525100264,日本,1,199505,记对我影响最大的一个人,60,70,54,67,61,297,未参加,
他早已{CC早年}去世了。,199505104525100271,日本,1,199505,记对我影响最大的一个人,70,65,65,73,80,339,C,
从小到大她不停{CC不时}地指导[C]我[C]。,199505104540200278,印度尼西亚,2,199505,记对我影响最大的一个人,75,80,49,57,63,315,C,
亚婆[C]在澳大利己经二十多年了。,199505104801100281,澳大利亚,1,199505,记对我影响最大的一个人,75,80,52,34,43,275,未参加,
我的父亲{CD是}出生于农村{CD的}很穷的家庭，因为韩国战争那{CQ个}时期的一般人民的生活很苦，我父亲[C]也是没有办法上学[BQ，]从年青的时候[B后]{CQ就}为了家里的生活而干活。,199505104523200291,韩国,2,199505,记对我影响最大的一个人,65,50,39,53,49,237,未参加,
从祖母口中知悉三叔是全{CD个}市镇唯一的大学生，在那个时代可{CC要}算是了不起了。,199508680519200504,马来西亚,2,199508,记对我影响最大的一个人,85,85,83,75,92,415,A,
在我的一生中，对我影响最大的[BD，]可以说是我最敬爱的外公了。,199508681519200506,马来西亚,2,199508,记对我影响最大的一个人,90,80,78,69,84,396,B,
二哥对我情深义[F義]重，也影响且改变了我的一生。,199508681519100524,马来西亚,1,199508,记对我影响最大的一个人,80,80,65,69,76,362,B,
中国是我的第二个故[B古]乡。,200010543922250004,美国,2,200010,我第一次……,80,75,67,44,57,314,C,
现[F現]代的人很容易便会离婚，为什么[F麽]他们不看看古代的人，没有离婚，感情仍然很好，互相照顾[F顧]，那又是什么[F麽]原因，因为他们不知什么[F麽]是离婚，所以，他们便会接受对方的缺点和优[F優]点，但现[F現]代的人只看不合得来[F來]便离婚[BQ，]这[F這]是一个[F個]不良的现[F現]象。,200010801543250005,香港地区,2,200010,我对离婚问题的看法,60,80,20,32,54,233,未参加,
就因为[F為]他们[F們]还[F還]年青，没有为[F為]自己的下一代着想，因而造成{CC做成}很多年青人流浪街头[F頭]、无[F無]所事事，离婚了的爸爸和妈[F媽]妈[F媽]没有钱供他们[F們]进[F進]中学或大学读[F讀]书[F書]。,200010801501250014,中国,2,200010,我对离婚问题的看法,65,70,26,44,52,243,未参加,
有时，我想上厕所，但是想起那厕所是什么样的，我连上都不想上了。,200005108525200300,日本,2,200005,关于用自然之声取代噪声的建议,80,65,50,70,54,307,C,
大家可能都有在电影院看电影的时候别人的手机响，觉得不舒服的经验吧。,200005108525200306,日本,2,200005,关于用自然之声取代噪声的建议,65,65,80,83,69,346,C,
我看原因在这一点儿。,200005108525200307,日本,2,200005,关于用自然之声取代噪声的建议,65,75,70,85,82,364,B,
但除了这样的好处以外，也带来坏处，[BC。]就是环境污染问题。,200005108523200335,韩国,2,200005,关于用自然之声取代噪声的建议,70,75,83,72,76,365,B,
所以认为这是一个良好的政策[Pcè]。,200005108523100414,韩国,1,200005,关于用自然之声取代噪声的建议,65,65,67,67,63,311,C,
当然，无用噪声能减则减，能灭亡就灭亡，谈不上[BD，]自然之声取代无用{CC无能}噪声。,200005108525100409,日本,1,200005,关于用自然之声取代噪声的建议,70,75,53,80,69,336,C,
感觉上{CQ和}在北京市内一样吵。,200005108525200410,日本,2,200005,关于用自然之声取代噪声的建议,70,65,70,78,76,345,C,
现今社会实[F實]在太多虚伪[F僞]朋友！,199711801501100014,中国,1,199711,我选择朋友的标准,75,80,60,74,87,367,B,
不管如何，我会用心去交朋友，交朋友之道贵[F貴]乎坦白和诚实[F實]，出自一颗[F顆]真诚[F誠]的心。,199711801501100014,中国,1,199711,我选择朋友的标准,75,80,60,74,87,367,B,
有人喜欢[F歡]跟自己性格相同的，有些人就刚[F剛]刚[F剛]相反。,199711801801100019,澳大利亚,1,199711,我选择朋友的标准,75,75,71,45,37,293,未参加,
有了朋友之后[F後]，日子相处久了，我们会表现[F現]各有不同的性格，品德及知识水准[F凖]，所以在选择朋友的标[B村]准[F凖]上，相信每个[F個]人都持有不同的见[F見]解。,199711801801100022,澳大利亚,1,199711,我选择朋友的标准,75,80,52,49,54,301,未参加,
白天我随着池河散散步，周围都是山，什么人影也看不见。,199705104525100005,日本,1,199705,我的城市/乡村生活,60,80,71,67,80,345,C,
人与人之间的关系也十分复杂。,199705104523100020,韩国,1,199705,我的城市/乡村生活,65,75,69,65,58,319,C,
我{WWJ},199705104540200036,印度尼西亚,2,199705,我的城市/乡村生活,65,85,49,54,58,301,C,
很多城市生活者说“城市的生活让人厌倦，每天重复{CC反复}一样的事情。,199705104523100088,韩国,1,199705,我的城市/乡村生活,70,65,80,45,46,292,C,
有时候，我去韩国的首都汉城[BQ，]因为在汉城有朋友有事。,199705104523100092,韩国,1,199705,我的城市/乡村生活,65,70,66,65,51,303,C,
我之所以这么想是因为小时候没有什么担心的事，很多人认为自己的童年很幸福。,199705104525200111,日本,2,199705,我的城市/乡村生活,60,60,44,60,49,255,未参加,
我的父母都是老师。,199705104525200118,日本,2,199705,我的城市/乡村生活,65,55,46,58,63,269,未参加,
现[F現]在随[F隨]着岁月的成长[F長]，生活环[F環]境的改造需求，慢慢地往城市来讨[F討]生活，而至现[F現]今結婚生子．社会也变得脱离[F離]现实，除了紧[F緊]张[F張]的生活和追求人生的理想外，空间时[F時]间有限，城市虽[F雖]然豪华[F華]，怎样[F樣]也是经[F経]由人工建设[F設]的，故乡[F鄉]的情象全是自然景观[F觀]，生活家意，故我还[F還]是怀[F懷]念过去孩童的生活。,199705529529151013,泰国,1,199705,我的城市/乡村生活,80,75,57,32,51,286,未参加,
水中混有无[F無]数[F數]的垃[B拉]圾[B扱]。,199705529529253002,泰国,2,199705,我的城市/乡村生活,75,65,31,44,43,245,未参加,
但是现在我有一个问题，就是经常写错汉字。,199804123525200170,日本,2,199804,学习汉语的苦与乐,70,70,54,45,62,289,未参加,
老师很了解我这样的情况，就跟我谈话，劝我应该怎么学习才能得到好效果。,199804123542200164,越南,2,199804,学习汉语的苦与乐,60,65,48,52,44,252,未参加,
来中国初我以为只有学习汉语而已，[BC。]可是我的性格是很乐天的。,199804123523100196,韩国,1,199804,学习汉语的苦与乐,60,55,27,40,44,207,未参加,
他们是来中国之前一次也没看过汉字，所以学习的时候更费劲。,199804123523200240,韩国,2,199804,学习汉语的苦与乐,70,65,30,49,36,236,未参加,
比如，声调方面啊，语法方面啊很成问题，我最害怕的声调是三声加二声，例如，小王xiǎowáng这样的发音我总是发{CC叫}二声加二声，而且，对语法方面我还没掌握，韩国的语言顺序是主语，宾语，谓语这样组[B主]成的{CC了}，但，汉语的结构是主谓宾的，所以，我常常混淆了。,199804124523200339,韩国,2,199804,学习汉语的苦与乐,70,70,51,47,44,270,未参加,
谁都会这么想吧。,199804124525100327,日本,1,199804,学习汉语的苦与乐,65,70,27,35,46,229,未参加,
一会儿我突然想起爸爸星期天买的巧克力放在冰箱里，于是就有了独吞的念头。,199910512501150003,中国,1,199910,我的童年,75,90,81,76,72,388,B,
可我改变了主意来到了中国会{CJX}学了汉语。,199904123523200005,韩国,2,199904,如何面对挫折,70,65,37,60,46,264,未参加,
从幼年到老年[D一]人人都会经历各种各样的生活。,199904123520200020,蒙古国,2,199904,如何面对挫折,65,65,42,29,37,222,未参加,
当我遇到这些{CD的}压力{CJ-zxy的时候}，我哭了，我不想上课、……但{CD又}想想每个人都有自己的难事，我们应该勇敢地对付它[B他]才能强起来。,199904123540200107,印度尼西亚,2,199904,如何面对挫折,65,75,59,52,61,299,C,
很多卖菜的人都是看着我{CJs}，我很不好意思，我想赶快离开这儿但走不动，我该怎么办呢？,199904123523200252,韩国,2,199904,如何面对挫折,65,60,45,52,26,231,未参加,
经过一年的准[F準]备[F備]{CD期间}，我考上了一所大学，但那儿的{CC地}专业我并不喜欢。,199904123525200267,日本,2,199904,如何面对挫折,65,55,53,65,78,298,未参加,
还记得当时我考大学的那一年，带着紧张和恐惧的心理进场时，一点信心都没有，我最终{CC终于}没考上{CC考不上}大学，痛苦之际，我不知所措，总以为我的前途到此为止{CC到此为终}了。,199904123542200268,越南,2,199904,如何面对挫折,70,75,59,72,85,350,C,
曾经有人说，“天才是只有1％的灵感，和90％的努力和用功，才完成的”[BQ，]如果我们会以失败为成功，认真地努力，[BC。]没有不能{CC无能}做的事情，而且，我们自己会改变不幸的命运。,199904124523200387,韩国,2,199904,如何面对挫折,55,65,50,57,46,255,未参加,
就拿我们经历来说吧，我是一个村姑，读完了初中就到城市来工作。,199909684542200053,越南,2,199909,如何面对挫折,80,60,57,38,61,283,未参加,
我常听到一些高龄的长辈们聚会[B合]喝茶聊天时，往往谈起他们当初到那里{CC国来}“开垦[B恳]”时候的故事，有的苦得连一餐都{CC还}难找{CJ+buy得下肚子}，有的连病带饿地打工等等，想起来他们个个都了不起的{CJsd}。,199909529529151006,泰国,1,199909,如何面对挫折,70,75,51,42,58,285,未参加,
我的挫折中，我会[F會]思考犯{CC到}的过错[F錯]，不会[F會]是唉声叹气{CJsd}，怨天尤人，不[F會]变得一蹶不振，而是{CC就是}要双倍的努力，把以往丰收的经验[F驗]思考{CJba}，从零开[F開]始算起，有不知之处[F處]，{CQ就}该[F該]请[F請]教别人，例如：有{CD开[F開]}座谈会{CC座谈[F談]话[F話]}或演[F講][F會]，应[F應]打听[F聽]，增取新的知识[F識]，来运[F運]用{CJ-buy到公司}及改正自己公司的错[F錯]误[F誤]，我想这[F這]办[B辨]法，应[F應]该[F該]不难[F難]吧！,199909529529151013,泰国,1,199909,如何面对挫折,70,80,27,37,52,256,未参加,
