错句,作文编码,国籍,性别,考试时间,作文题目,口试分数,作文分数,听力分数,阅读分数,综合分数,总分,证书
我出生于印度尼西亚国[F國][BD，]龙[F龍]目岛[F島]上的一个小镇[F鎮]，这里{CC那里}的华侨虽然不多，这个小镇[F鎮]却有一个“中国名称”—汉江。,200110540540150015,印度尼西亚,1,200110,我的童年,75,90,74,65,90,388,B,
学校的老师们都很喜欢我。,200110540540250025,印度尼西亚,2,200110,我的童年,70,90,66,63,76,358,C,
日子就在读书和玩乐中度[B渡]过[BQ。]我刚上小学四年级时，忽然时局变迁，华校被关闭了。,200110540540250118,印度尼西亚,2,200110,我的童年,75,85,55,44,88,340,未参加,
大伯为人忠厚，不曾与人结仇[BQ，]更是一位顶天立地的大丈夫。,200103680519201609,马来西亚,2,200103,我的童年,85,75,64,80,85,381,B,
对不起，我也想帮助你们，但我现在{CD大}4年级要好好准备走入社会的队伍。,200105550523250043,韩国,2,200105,一封写给父母的信,70,70,58,58,63,307,C,
因为我们兄弟姐妹包括我一共有五口人，尤其是我爸早去世了，所以您不得不一个人承担了家长的责任{CC负责}。,200105550523150055,韩国,1,200105,一封写给父母的信,70,70,55,47,67,297,未参加,
爸爸的身体还没完全恢复[B服]过来，妈，您替我一定照顾好爸爸。,200105550523250058,韩国,2,200105,一封写给父母的信,75,70,82,70,58,344,B,
今天考试地点{CQ在}汉城外语大学[BQ，]我{CQ对}这里很陌生。,200105550523250352,韩国,2,200105,一封写给父母的信,70,60,47,51,40,253,未参加,
我从来没有在外边睡觉的经验，所以开始后的两三天，晚上不敢睡觉，觉得很困才睡觉。,200105209525100059,日本,1,200105,我的一个假期,70,70,67,65,66,326,C,
它一直是我向往的地方，因此，去年的寒假，我跟我的朋友一块[F塊]儿到西安去旅游。,200105209529100050,泰国,1,200105,我的一个假期,80,95,80,70,76,396,B,
除了学习汉语以外，每个月写留学情况报告，考HSK、写毕业论文。,200105201525200014,日本,2,200105,我的一个假期,60,70,52,54,57,278,未参加,
每天都要到山底下自已挑水喝。,200105109525200604,日本,2,200105,由“三个和尚没水喝”想到的……,65,70,63,75,66,325,C,
每一个人都不履行{CC2做}自己的义务{CC任务}，所以他们最后{CC终于}只好让自己苦。,200105109525200606,日本,2,200105,由“三个和尚没水喝”想到的……,70,70,54,62,53,297,C,
但是在社会生活中{CC上}，我们需要协调性，要不然我们的生活{CJ-zy就}有问题了。,200105109525200689,日本,2,200105,由“三个和尚没水喝”想到的……,75,85,70,69,61,353,B,
他们这样开始后，{CQ第}二、三个星期很顺利，但是过{CQ了}一个月后第三个和尚每次每次这样有点儿麻烦，明天是他挑水{CC的天}[BQ，]所以他决定了，他装作感冒，一个星期后恢复吧。,200105109525100730,日本,1,200105,由“三个和尚没水喝”想到的……,65,60,48,66,53,275,未参加,
”老人说完{CC好}自己的意见后突然又不见了。,200105109525200775,日本,2,200105,由“三个和尚没水喝”想到的……,60,50,39,35,46,210,未参加,
如果{CJ-sy拥有}充分的钱，我们似乎可以得到任何{CC什么}东西、[BC，]任何{CC什么}服务。,200105109525200822,日本,2,200105,由“三个和尚没水喝”想到的……,75,65,84,77,91,379,B,
但是，指导我们的老师说：[BQ“]各自有各自的责任，[BC。]没有什么理由的话不能放弃自己的责任。,200105109525200856,日本,2,200105,由“三个和尚没水喝”想到的……,70,70,59,80,68,335,C,
我对近几年在中国都市出现的妇女的辞职回家的现象有不同的看法。,200106570919250009,加拿大,2,200106,如何看待“妻子回家”,65,70,71,35,51,278,未参加,
我记得几乎我没有一日认真听过他的讲课，而且还经常逃课，几乎语文课{CC堂}都要逃。,200203522522150005,缅甸,1,200203,记对我影响最大的一个人,75,75,55,64,86,345,C,
家里[F裏]虽[F雖]然穷[F窮]，但是父亲[F親]却[F卻]非常地{CC的}努力。,200203522522250002,缅甸,2,200203,记对我影响最大的一个人,85,80,62,62,66,348,C,
现在的世界是{CD进[F進]行}高科技的世界，电脑[F腦]是对人类[F類]是很重要{CJZR}。,200203522522250030,缅甸,2,200203,记对我影响最大的一个人,75,75,28,31,41,240,未参加,
他那刻苦勤劳的性格，是我学习的榜样。,200203533533250008,新加坡,2,200203,记对我影响最大的一个人,80,75,48,60,73,327,C,
在母亲严厉的教诲与晓以各种处事待人的原则下，我总觉得当我遇到困难挫折时，我能更坚强的面对；人际关系方面，我更能以不同的立场做多方的想象[B像]，这完全要谢谢母亲。,200203533533250021,新加坡,2,200203,记对我影响最大的一个人,90,80,50,64,86,365,C,
因为自己的命运是谁决定呢？,200205204525100002,日本,1,200205,如何看待“安乐死”,65,60,63,51,44,266,未参加,
安乐死就是每一个人的看法[BQ，]所以如果有些人觉得是个犯罪的话就成为一个犯罪。,200205204525200175,日本,2,200205,如何看待“安乐死”,65,75,35,60,58,280,未参加,
能做“安乐死”的条件如下：病人的病情实在没有能治好的可能，而且有医生的证明；[BC，]第二是病人十分痛苦并无法减轻他的病苦；[BC，]第三是最关鍵的条件，就是病人本人衷心希望以“安乐死”的方式结束自己的病苦。,200205212525200063,日本,2,200205,如何看待“安乐死”,85,80,58,81,72,369,B,
当{CC如}自己的亲属面临极大的痛苦时，谁能够不帮助他？,200205209525100004,日本,1,200205,如何看待“安乐死”,80,70,85,83,77,385,B,
随着医疗技术的发展，安乐死{CJ-zy已经}成为{CC形成}现代社会上的难题{CC难问}之一了。,200205209525200005,日本,2,200205,如何看待“安乐死”,75,80,74,88,77,385,B,
在这个现实的生活中，万事都需要考量。,200205209519100027,马来西亚,1,200205,如何看待“安乐死”,95,90,94,76,87,441,A,
病人没有可能治病，而且他的寿命也不长。,200205201525200040,日本,2,200205,如何看待“安乐死”,65,70,38,60,58,277,未参加,
对我而言，我认为丈夫不应受到法律的制裁。,200205201529200182,泰国,2,200205,如何看待“安乐死”,80,80,77,51,63,343,C,
可以做到这一点，就已经跨出解决代沟问题的最重要的一步了。,200210602801250019,澳大利亚,2,200210,如何解决“代沟”问题,80,85,84,89,93,425,A,
沟通、呵护和关怀对于家庭来说是非常重要的。,200210801519250002,马来西亚,2,200210,如何解决“代沟”问题,85,70,70,67,68,351,B,
我们都知道人人都有{CJX}会老的一天，可我们也知道人人也曾有过年轻{CC年青}的那一天。,200210801801250005,澳大利亚,2,200210,如何解决“代沟”问题,75,90,76,78,91,404,B,
老一辈人总觉得子孙不听话，难以管教，你叫他做这，他偏偏做那。,200210529529151025,泰国,1,200210,如何解决“代沟”问题,75,65,67,73,62,329,C,
其实[B使]想要打破这[F這]个[F個]局面，只要双[F雙]方心平气[F氣]和，多给[F給]对[F對]方{CJ+sy付出}{CJ+buy多}一点[F點]关[F關]怀[F懷]，多花一点[F點]时[F時]间[F間]彼此交谈{CC对[F對]谈[F談]}，起[B期]初可以先谈[F談]谈[F談]彼此的近况，未来的展望，让[F讓]彼此都明白其实[F實]我是在乎你的。,200210540540250017,印度尼西亚,2,200210,如何解决“代沟”问题,70,80,81,73,79,373,B,
可是，现在时代不同了，如果还像以前的父母那样对待自己的孩子，那当然就会形成代沟了。,200210540540250027,印度尼西亚,2,200210,如何解决“代沟”问题,70,70,78,65,93,364,C,
做小孩的也要对父母关[F關]心，也要体[F體]谅[F諒]到父母的辛苦。,200210540519250049,马来西亚,2,200210,如何解决“代沟”问题,75,80,73,78,75,372,B,
双方建立{CD在}有{CC1具有}共同的语言、[BC，]共同的心声、[BC。]共同的举动，才能双方协调，心平气和，欢聚一堂。,200210540540150050,印度尼西亚,1,200210,如何解决“代沟”问题,70,70,56,67,86,337,C,
{CP“代沟”这{CQ个}问题是今日的父母长辈们{CD最}常抱怨年轻的一代难管教，可年青的一辈却也常感叹很难与上一辈沟通。P},200210540540250053,印度尼西亚,2,200210,如何解决“代沟”问题,70,70,70,80,91,369,C,
很听话？,200210540540250117,印度尼西亚,2,200210,如何解决“代沟”问题,70,70,48,60,79,315,C,
家长与孩子之间最常见之矛盾、[BC，]意见不合莫过于[F於]{CD有关}他们该如何面对他们前途，也就是婚姻与事业。,200210540540150135,印度尼西亚,1,200210,如何解决“代沟”问题,65,60,53,60,77,298,未参加,
我父亲生下了我们兄弟姐妹七个人，七个里面有五个男的、二个女的。,200203522522210013,缅甸,2,200203,记对我影响最大的一个人,80,75,50,52,70,318,未参加,
过几天，有一位同学面对同样{CC2同一样}的情况，但他却[B确]没有像我一样，反而每天满脸笑容，跟平常一样乐观。,200205109634200788,英国,2,200205,如何面对挫折,80,80,87,84,70,393,B,
总之[BQ，]我觉得一个人遇到任何困难时，千万不要低头，而要找各种各样的办法克服困难。[BC，],200205109548100901,塔吉克斯坦,1,200205,如何面对挫折,70,65,42,36,48,247,未参加,
令读者吃惊的是，昔日的王冠完全{CC根本}是个努力求学、本性善良的好学生。,200305533533250021,新加坡,2,200305,我最喜欢读的一本书,70,65,44,63,85,313,未参加,
可是所生的五个儿子，却由于事业的需要，都送进英校受教育，因为从小娇生惯养，又由于文化传授的不同，都变成了“二世祖”之流，不但没有对父亲{CQ的}事业有帮助，反而使父亲的建筑[F築]业没有更好地发展，更进而在父亲生病时，要求父亲分家产，[BC。]使到陆[F陸]国根加重病症而突然死去。,200305533533150025,新加坡,1,200305,我最喜欢读的一本书,80,65,71,75,72,351,B,
母亲[F親]对她的管教很严格，父亲[F親]就比较温和亲[F親]切。,200305533533250029,新加坡,2,200305,我最喜欢读的一本书,65,60,60,56,45,269,未参加,
他不仅具有科学家的冷静气质，更具有完美的小提琴技艺{CC技[B枝]术}，他总是在夜深人静{CQ时}，拉琴娱己及思考错综复杂的案情。,200305533533250036,新加坡,2,200305,我最喜欢读的一本书,80,65,85,80,90,388,B,
我不想把还有一年半的时间白白浪费。,200304131525100143,日本,1,200304,我学汉语是为了……,60,70,12,10,54,191,未参加,
我最忍受不了{CC4忍不住}的事就是一个人呆在没有声音的房间里。,200305576525200010,日本,2,200305,静音环境对人体的危害,70,65,74,82,88,365,C,
把一个人放在完全没有声音的空间里。{CP最初他没有表示任何不舒[C]服的感觉{CC态度},200305576525200035,日本,2,200305,静音环境对人体的危害,70,65,65,52,71,309,C,
他们有困难时就吸烟，他们失恋时就吸烟，他们应酬时也吸烟，反正他们做什么事都要吸烟，他们已经离不开烟了。,200405109540200810,印度尼西亚,2,200405,吸烟对个人健康和公众利益的影响,75,70,55,52,55,296,未参加,
以上种种都足以见到吸烟的种种弊端，吸烟可谓“百害而无一利”。{CD对于},200405204519100095,马来西亚,1,200405,吸烟对个人健康和公众利益的影响,70,75,85,80,92,391,B,
从而，吸烟者的身体趋向脆弱，容易累，工作时不能长期集中于其工作。,200405204529200094,泰国,2,200405,吸烟对个人健康和公众利益的影响,70,65,58,56,74,309,C,
关[B天]键[B健]是要给我们的{CC3我}下一代提供一个良好的环境[Pjing]，让他们养成最好的习惯。,200405204634100335,英国,1,200405,吸烟对个人健康和公众利益的影响,70,85,30,28,27,232,未参加,
除此之外，在公共场所，允许抽烟的地方越来越少了。,200405261635200095,俄罗斯,2,200405,吸烟对个人健康和公众利益的影响,90,90,55,54,81,368,C,
在吸烟人中，大多部分[B份]都是在朋友带领{CC带}下而开始吸烟{CQ的}。,200405522522150007,缅甸,1,200405,吸烟对个人健康和公众利益的影响,80,80,60,63,63,338,C,
{CJ-sy有}{CJ-dy一种}别人不做我却[F卻]做了的错[F錯]误思想。,200405522522250010,缅甸,2,200405,吸烟对个人健康和公众利益的影响,85,85,80,47,56,348,C,
所以请大家戒烟吧！,200405522522110002,缅甸,1,200405,吸烟对个人健康和公众利益的影响,70,80,44,60,61,305,未参加,
中学生就已经知道香烟里的有害物质在一定程度上会导致癌症[C]。,200405209616200089,德国,2,200405,吸烟对个人健康和公众利益的影响,80,95,79,68,85,402,B,
所以孩子长大了以后，[BC、]感觉到一种独立心的时候，[BC、]他往往反对父母的意见[F見]。{CP但是孩子完全独立后才会感谢父母的教诲，父母的爱[F愛]。父母和孩子之间有时候有误解，[BC。]但是父母教育{CC教训},200505109525200249,日本,2,200505,父母是孩子的第一任老师,65,60,49,48,52,257,未参加,
我认为原因在他们的家庭和家长。,200505109525200766,日本,2,200505,父母是孩子的第一任老师,80,90,71,67,84,387,B,
后来{CC以后}我也喜欢上钓鱼{CQ了}。,200505217525200003,日本,2,200505,父母是孩子的第一任老师,60,60,50,51,52,255,未参加,
我弟弟比我小[C]3岁。,200505217525200015,日本,2,200505,父母是孩子的第一任老师,55,65,48,55,61,266,未参加,
如果父母不教孩子这样的事，恐怕谁也不教给{CC对}孩子们这样的事。,200505217525100047,日本,1,200505,父母是孩子的第一任老师,60,65,39,53,67,267,未参加,
因为自己做什么[C]就[C]对别人{CJX}会{CJ-sy产生}影响，所以不要做别人觉得不舒服的事。,200505217525200050,日本,2,200505,父母是孩子的第一任老师,55,50,48,37,41,210,未参加,
之所以打棒[C]球是因为爸爸以前是棒球员。,200505204525100065,日本,1,200505,父母是孩子的第一任老师,60,70,52,55,56,278,未参加,
我的父母是比同学的父母年龄[C]大{CJbi}，所以他们的思想{CC思考}比较古典的{CJsd}。,200505204525200106,日本,2,200505,父母是孩子的第一任老师,60,65,48,47,43,246,未参加,
如果这个女儿长大后再遇到一样的情况，她很有可能说“我自己付钱坐[C]这个汽车的，我有权利坐[C]在[C]这里，不想为别人让{CJ+dy个}座[C]位!我认为，那位妈妈那个时候应该教给女儿“对待人应该有爱心”这个道德。,200505204525200153,日本,2,200505,父母是孩子的第一任老师,65,90,69,79,93,387,C,
这是应该的。,200505204525200262,日本,2,200505,父母是孩子的第一任老师,65,65,39,53,56,262,未参加,
所以我认为做父母的应孩要[C]当孩子的模范{CC模仿}，因为我刚才前面说到了，孩子是看看{CJcd}父母的每一个行为、[BC，]发言{CJ-sy而学习的}。,200505204525100517,日本,1,200505,父母是孩子的第一任老师,75,55,54,51,69,289,未参加,
我小时候，她让我看不少书，所以我喜欢看书。,200505204525100534,日本,1,200505,父母是孩子的第一任老师,65,65,52,45,69,280,未参加,
我看他那样的一面长大，所以我跟他的思想观念很相似。,200505204525100534,日本,1,200505,父母是孩子的第一任老师,65,65,52,45,69,280,未参加,
虽然父母[C]并不是完美{CC完全}的，但是还是值得尊敬{CC最大}的、最好的老师。,200505204525100589,日本,1,200505,父母是孩子的第一任老师,70,75,71,73,83,361,B,
{CJ-zhuy我}想来想去{CJ-sy不能决定}到底去不去时，几个美国朋友对我说美国很不安全，你小心一点。,200105205525100006,日本,1,200105,我的一个假期,70,65,70,68,72,331,C,
走在古镇特有的青石板路上，看着明清遗留下的古老牌楼，沿镇的河中有船[#]质朴的船歌，让久处城市的我们倍感惬意。,200105205525200025,日本,2,200105,我的一个假期,80,85,87,75,100,421,B,
我是个学生，当然没有钱，所以我坐的是最便宜的车。,200105205525100067,日本,1,200105,我的一个假期,75,65,52,72,66,317,C,
你能说不是吗？,200110801519250007,马来西亚,2,200110,我的一个假期,70,85,82,75,96,400,B,
真的想快点[F點]到暑假，又可跟爸妈团[F團]聚了。,200110801634250006,英国,2,200110,我的一个假期,75,80,60,61,70,337,C,
所以我较有信心。,200112576525200012,日本,2,200112,如何面对挫折,60,65,39,63,80,290,未参加,
假期还有很多日子。,200105271525200003,日本,2,200105,我的一个假期,65,75,55,56,72,310,C,
比较容易{CQ地}考上名牌大学，也抓住{CQ了}留学的机会。,200112576525100026,日本,1,200112,如何面对挫折,65,65,57,59,57,287,C,
一个留学生到外地去旅游以后可以了解{CQ很}多方面{CJX}的{CJX}中国，而且对语言呀，其他的{CJX}学习方面{CQ也}有所很大的帮助的。,200105271525100031,日本,1,200105,我的一个假期,70,80,67,68,68,343,C,
我过{CQ的}每个假期[BD。]在留学中{CJX}，{CJ+zhuy每个假期}都有好事情。,200105271525100074,日本,1,200105,我的一个假期,65,60,44,51,48,251,未参加,
这也是锻[F鍛]炼[F煉]。,200105217525100008,日本,1,200105,我的一个假期,70,70,67,70,90,355,C,
但是来到他家以后，我的不安感一点也没有了。,200105217525100065,日本,1,200105,我的一个假期,65,70,62,68,63,314,C,
回来以后她们给我做了朝鲜族的过春节的菜。,200105217525200080,日本,2,200105,我的一个假期,65,70,62,70,57,310,C,
我在那边接触了很多少数民族，[BC。]也体会了他们的一些独特的风俗习惯、[BC，]民族风情。,200105204525200008,日本,2,200105,我的一个假期,70,70,70,63,81,342,C,
我们每个人都要认真地{CC的}考虑这个问题。,200105204525200026,日本,2,200105,我的一个假期,65,70,65,51,59,296,C,
不过，我的担心是杞人忧天，没有什么可怕的事情。,200105204525100056,日本,1,200105,我的一个假期,70,70,90,77,94,389,C,
天天在公[B工]司里，下班下得很晚。,200105550523150090,韩国,1,200105,一封写给父母的信,65,70,38,39,61,259,未参加,
您眼看就要到五十岁了。,200105550523250105,韩国,2,200105,一封写给父母的信,65,70,44,61,72,298,未参加,
我怎么又批评这位老师了呢。,200105550523150122,韩国,1,200105,一封写给父母的信,90,75,77,68,81,385,B,
还有身体也不太好了。,200105550523250120,韩国,2,200105,一封写给父母的信,65,65,49,49,45,257,未参加,
这是我小学毕业以后初次给你们写的信。,200105550523250146,韩国,2,200105,一封写给父母的信,75,70,55,65,74,328,C,
当时每次我晚回家的时候，你经常在车站接我{CD了}嘛[B麻]。,200105550523250157,韩国,2,200105,一封写给父母的信,80,70,63,61,63,327,C,
我们都知道您们对我们的希望，我们一定继续努力学习，走向社会一定当成您们所想的人物，虽然现在我们不能说以后要这样做，那样做，但是这点{CJX}却强调，“我们应该报答{CC报应}父母的恩惠和爱[BD。]”[BQ。]感谢您们，非常爱您们。,200105550523250162,韩国,2,200105,一封写给父母的信,70,75,49,61,72,316,C,
我毕业以后找工作。,200105550523250163,韩国,2,200105,一封写给父母的信,70,75,33,32,38,237,未参加,
祝你们身体健康。,200105550523250163,韩国,2,200105,一封写给父母的信,70,75,33,32,38,237,未参加,
您们都认识林老师吧。,200105550523250179,韩国,2,200105,一封写给父母的信,65,65,27,49,56,246,未参加,
爸爸，妈[F媽]妈[F媽]，很突然吧！,200105550523250225,韩国,2,200105,一封写给父母的信,70,65,60,54,65,300,C,
爸妈[BQ，]现在我参加HSK考试，考完后很快到咱们的家你一定为我做好吃的……再见。,200105550523150242,韩国,1,200105,一封写给父母的信,65,60,38,32,36,214,未参加,
每天睡得不到5个小时，所以次日起来的时候{CC时}很困难，每天早上想放弃工作回家跟您们一起玩，但是这个事实上不可能的事我已经知道{CJs}。,200105550523250248,韩国,2,200105,一封写给父母的信,65,65,36,37,49,236,未参加,
今天买衣服也太贵。,200105550523250324,韩国,2,200105,一封写给父母的信,70,65,47,30,40,238,未参加,
爸爸妈妈也看到{CQ了}{CQ在}电视里{CJX}吧。,200105550523150396,韩国,1,200105,一封写给父母的信,70,70,36,51,56,271,未参加,
但，我还清楚地记得{CC记住}我离开家的时候，我为了实现我的梦想{CD一定}克制{CC克复}自己。,200105550523250400,韩国,2,200105,一封写给父母的信,70,70,49,51,61,289,未参加,
对我的爱{CC1爱情}，我怎么不知道？,200105550523250424,韩国,2,200105,一封写给父母的信,70,60,41,42,38,236,未参加,
亲爱的爸爸、[BC，]妈妈：[BC。]真{CD好}不容易{CJX}给你们写信。,200105550523150438,韩国,1,200105,一封写给父母的信,70,65,60,51,61,293,C,
从现在开始我要担心您们，照顾您们。,200105550523250483,韩国,2,200105,一封写给父母的信,65,65,52,47,61,274,未参加,
我有机会。,200105550523250496,韩国,2,200105,一封写给父母的信,70,70,49,54,63,294,C,
爸爸和妈妈可能是因为很久没有见我的缘[B原]故，对我非常的照顾{CC优待}，就连以前经常吵架的弟弟也好像变可爱了。,200105206525200045,日本,2,200105,我的一个假期,70,70,80,70,81,359,C,
最后大家都到山底下挑水，结果水没了。,200105109525200012,日本,2,200105,由“三个和尚没水喝”想到的……,70,60,52,55,53,275,未参加,
我一个人发球练习。,200105109525200061,日本,2,200105,由“三个和尚没水喝”想到的……,70,70,61,66,48,303,C,
除了国家的关系以外，我们人之间的关系也受到这种自私的看法{CJ-zxy的影响}。,200105109525200103,日本,2,200105,由“三个和尚没水喝”想到的……,60,75,63,62,55,301,C,
另一个朋友，相反，他的家庭经济条件特别好，为了他的学习他父母不吝惜{CC2惜}钱，什么都供给{CC2供}他。,200105109525200135,日本,2,200105,由“三个和尚没水喝”想到的……,65,75,79,69,86,361,B,
这个和尚也一看这座庙就喜欢上{CQ了}，住在这座庙{CQ里}了。,200105109525100175,日本,1,200105,由“三个和尚没水喝”想到的……,65,60,27,51,41,227,未参加,
某个地方有一个和尚，他每天都要去山底下挑水喝，那时候又来了一个和尚，他们决定两个人一起去抬水喝。,200105109525200212,日本,2,200105,由“三个和尚没水喝”想到的……,65,70,70,62,59,312,C,
那文章里头的和尚也一样。,200105109525200301,日本,2,200105,由“三个和尚没水喝”想到的……,65,70,66,71,84,342,C,
我也要注意。,200105109525100358,日本,1,200105,由“三个和尚没水喝”想到的……,65,65,36,49,41,240,未参加,
其实和它类似的情况，在我们日常生活中已屡见不鲜[F鮮]。,200105109525200413,日本,2,200105,由“三个和尚没水喝”想到的……,65,85,79,66,88,373,B,
在这里我想说的是[BQ，]能不能忍耐不喝水{CQ呢}{CD了}{CD吗}？,200105109525100415,日本,1,200105,由“三个和尚没水喝”想到的……,65,55,39,60,59,260,未参加,
一人{CJX}个说[BQ：][BQ“]没办法。,200105109525100577,日本,1,200105,由“三个和尚没水喝”想到的……,65,60,45,40,44,237,未参加,
”我不提倡[B唱]离婚，也不提倡[B唱]勉[B免]强的婚姻。,200109684542250002,越南,2,200109,我对离婚问题的看法,80,70,40,38,50,268,未参加,
如果在没有他的要求{CD下}{CQ而}只有他周围的人的判断之下进行的话，那么就是“杀人”。,200205217525200086,日本,2,200205,如何看待“安乐死”,65,75,58,65,61,311,C,
如果病人得了不治之症，十分痛苦，而且希望安乐死{CQ的话}，一定要和医生商量。,200205217525100097,日本,1,200205,如何看待“安乐死”,65,70,33,72,61,287,未参加,
杀掉他的妻子时，他没{CC不}考虑自己可以解脱现在的痛苦吗？[BD；],200205205525200021,日本,2,200205,如何看待“安乐死”,70,60,69,74,80,338,C,
第二，如果认为丈夫帮助妻子自杀，这是好事吗？,200205205525200021,日本,2,200205,如何看待“安乐死”,70,60,69,74,80,338,C,
我是赞[C]同实施安乐死的。,200205205525200084,日本,2,200205,如何看待“安乐死”,70,80,44,54,56,294,未参加,
这个“安乐死”风波的情况是我认为{CC2想}常见的事。,200205205525200131,日本,2,200205,如何看待“安乐死”,70,75,71,60,63,328,C,
这{CQ个}电视剧看完以后我{CJ-zy就开始}考虑“安乐死”{CJ-zxy的问题}。,200205206525200022,日本,2,200205,如何看待“安乐死”,80,75,41,54,49,290,未参加,
我知道生命多么宝贵{CC尊贵}，[BC、]但是生命只给[D某]人痛苦的话，就有{CC2发生了}自杀{CQ的}权利。,200205206525200032,日本,2,200205,如何看待“安乐死”,65,60,35,74,61,278,未参加,
互相努力的话，这个问题可以解决的{CJsd}。,200209550523250036,韩国,2,200209,如何解决“代沟”问题,60,60,63,49,42,256,未参加,
所以，有的时候父母对{CC1看来}自己的孩子的生活{CJ+sy有}很不满意。,200209550523250055,韩国,2,200209,如何解决“代沟”问题,65,65,81,67,56,318,C,
那怎么外理这些问题{CQ呢}[BQ？]我认为我和我母亲[F親]之间的对话是最好{CQ的}方法。,200209550523150064,韩国,1,200209,如何解决“代沟”问题,65,65,60,49,54,277,未参加,
每个人都有自己的父母或者子女。,200209550523250128,韩国,2,200209,如何解决“代沟”问题,65,75,60,71,56,314,C,
我来讲我的事{CD时}，我跟父母亲[F親]，没有代沟，因为[F為]我常跟父母吃飯，而且常一起去旅游[C]或看电视。,200209550501150142,中国,1,200209,如何解决“代沟”问题,65,65,24,32,36,206,未参加,
一起交流时{CC1当中}孩子们会理解父母的心情，家长们以后多给孩子们自立[B力]的能力。,200209550523150149,韩国,1,200209,如何解决“代沟”问题,65,70,72,74,68,335,C,
我们应该[BD]理解[BD”]对方，这基本{CJX}是{CQ的}爱{CC爱情}和关心。,200209550523250167,韩国,2,200209,如何解决“代沟”问题,70,65,69,71,76,337,C,
第二“认真听”[BQ。]两{CC二}代人之间说话时最关键{CC重要}的{CJ+zxy问题}是两方{CC1方面}都“只要说话，不要听”这个难题。,200209550523250173,韩国,2,200209,如何解决“代沟”问题,65,60,54,62,48,272,未参加,
通过谈话，人们可以互相了解。,200209550523250252,韩国,2,200209,如何解决“代沟”问题,65,65,48,74,52,288,C,
代沟{CD就是}产生于{CC了}父母跟子女互相不理解。,200209550523250272,韩国,2,200209,如何解决“代沟”问题,65,65,39,49,40,242,未参加,
但是我想批[B排]评他们以前应该考虑一下管教的方法。,200209550523250314,韩国,2,200209,如何解决“代沟”问题,65,65,60,69,50,293,C,
但[BD，]现代人所接触[C]的东西跟长辈并不一样。[BC，],200209550523250339,韩国,2,200209,如何解决“代沟”问题,75,70,63,52,62,311,C,
在此过程中，最为重要的是上一代包容下一代，给他们打开人生的眼界，下一代要吸收{CC接纳}上一代的教训，参考和运用它。,200209550523250342,韩国,2,200209,如何解决“代沟”问题,65,75,51,62,66,306,C,
学习的知识也很不同{CC2差}，所以产生{CC发生}矛[B予]盾[B质]是理所当然的。,200209550523150754,韩国,1,200209,如何解决“代沟”问题,65,65,30,45,50,239,未参加,
首先，这些差异给他们{CJ-sy带来}很多困难。,200209550523250790,韩国,2,200209,如何解决“代沟”问题,70,65,36,52,48,257,未参加,
而大部分的前辈们不太会用。,200209550523250822,韩国,2,200209,如何解决“代沟”问题,70,85,72,74,56,349,B,
有的时候，过了十二点也不回家。,200209550523250868,韩国,2,200209,如何解决“代沟”问题,80,65,51,62,46,292,C,
我面[L]对他们的时候常有{CC觉}差[L]异感。,200209550523250904,韩国,2,200209,如何解决“代沟”问题,70,60,54,57,44,270,未参加,
那时候的我感到情[B青]天霹[B劈]雳[B历]，根本无法接受这个残酷的事实。,200205109533200016,新加坡,2,200205,如何面对挫折,95,85,90,84,88,440,A,
人的事情不是那么简单的。,200205271525100016,日本,1,200205,如何看待“安乐死”,75,70,52,67,75,328,C,
人们可不可以自己决定{CC愿望}自杀？,200205271525200066,日本,2,200205,如何看待“安乐死”,70,80,74,83,72,369,B,
因为人与人的交流需要声音，我们的生活离不开声音，我们烦闷时也要用音乐来作为调解剂，所以静音对人类是有害的。,200304522522150021,缅甸,1,200304,静音环境对人体的危害,70,90,72,83,91,399,B,
每个人都会有寂寞[B莫]的时候[B该]，如果寂寞[B莫]时，我觉得应该外出走走，去公园啊，人多的地方啊什么的，不应该呆在寂静的地方，不然的话就会出现对心脏有害的、[BC，]对大脑有害的病出现。,200304522522210008,缅甸,2,200304,静音环境对人体的危害,85,80,53,65,89,365,C,
据测算，一块价值0.2元的口香糖，清理成本要1.1元，假若人们都乱吐口香糖，那一年的清理费用就要花掉很多钱，所以作为一个{CC每个}公民我们要对绿化环保有责任。,200306684542100004,越南,1,200306,口香糖与环境卫生,85,75,41,60,82,335,未参加,
这[C]是以吃害虫的动物来代替[Ptì]农药。,200307109523100066,韩国,1,200307,绿色食品与饥饿,65,65,70,62,67,313,C,
随着科学发展，农业发展一定{CJX}人类找到解决办法。,200307109523200121,韩国,2,200307,绿色食品与饥饿,65,70,48,38,67,274,未参加,
为什么我这么想呢？,200307109525200166,日本,2,200307,绿色食品与饥饿,65,70,75,59,61,316,C,
你想一想吧，[BC。][BC.]这个食品对身体多好哇。,200307109523200170,韩国,2,200307,绿色食品与饥饿,65,70,64,49,47,281,C,
在农作物的生长过程中，如果使用化肥和农药，那不能解决污染{CJ-zxy的问题}。,200307109523200189,韩国,2,200307,绿色食品与饥饿,60,60,67,49,76,294,未参加,
这个方法追求两个目标：提高产量和{CC与}解[C]决世界饥饿问题。,200307109523100196,韩国,1,200307,绿色食品与饥饿,80,85,75,72,90,396,B,
所以我希望继续生产[BQ“]绿色食品[BQ”]，而且希望发达的科技能解决饥饿,200307109523200203,韩国,2,200307,绿色食品与饥饿,75,85,72,70,73,368,B,
为什么呢？{CD因为},200307109523200209,韩国,2,200307,绿色食品与饥饿,60,60,30,35,35,202,未参加,
虽然有人说：“没有健康，也可能拥有幸福呀。,200307109523100212,韩国,1,200307,绿色食品与饥饿,65,65,51,56,56,277,未参加,
另一方面因为日本人和大部分的北京人吃得饱，所以他们喜欢吃绿色食品。{CP也就是说，首先我们要解决饥饿问题，然后解决{CC取消},200307109525100243,日本,1,200307,绿色食品与饥饿,65,80,62,80,90,365,C,
发达国家应该帮助{CJ-by他们}，提供技术。,200307109529200286,泰国,2,200307,绿色食品与饥饿,70,85,59,51,70,327,C,
世界上还有几亿人因缺少粮食而挨饿。[BC.],200307109525100312,日本,1,200307,绿色食品与饥饿,60,80,67,59,41,294,未参加,
每个人都知道，[BC.]现在人们所吃的农作物是在生长过程中[BD.]使用农药和化肥{CD把它长出}的。[BC.],200307109523100321,韩国,1,200307,绿色食品与饥饿,65,70,51,43,67,282,未参加,
那么，我们怎样解决这个问题？,200307109523200339,韩国,2,200307,绿色食品与饥饿,65,75,83,46,73,329,C,
但是现在绝[B决]对不同意。{CP对人来说[BQ“]绿色食品[BQ”]最好，[BC。]而且可以防止{CC预防},200307109523200351,韩国,2,200307,绿色食品与饥饿,65,70,30,33,67,251,未参加,
虽然[BD，]我们要解决饥饿的问题，但是[BD，]为了人类[B娄]的未来，我们还坚持生产绿色食品。,200307109523200447,韩国,2,200307,绿色食品与饥饿,65,90,75,70,90,381,B,
可是如果在我们平常吃的东西里有对健[C]康有害的物质，我就不愿意吃那种的东西。,200307109523100453,韩国,1,200307,绿色食品与饥饿,60,65,56,46,38,248,未参加,
过量的化肥不仅把虫子{CC虫物}杀{CC死}掉，而且会威胁人类。,200307109523200473,韩国,2,200307,绿色食品与饥饿,65,85,78,70,70,358,B,
在世界上各人{CC个人}有各人{CC个人}的意见和思想。,200307109525100482,日本,1,200307,绿色食品与饥饿,65,75,70,54,81,332,C,
“绿色食品”也可以说是一种用到不好的方面的例子之一。,200307109523100491,韩国,1,200307,绿色食品与饥饿,65,70,59,43,47,270,未参加,
在三国时代有个名将名字为吕布。,200307217523100015,韩国,1,200307,绿色食品与饥饿,70,65,72,62,76,331,C,
我个人认为，不挨饿是第一位。,200307204523100018,韩国,1,200307,绿色食品与饥饿,65,65,75,54,70,313,C,
当然由于产量会大大降低，对解决挨饿问题非常不利。,200307205525200006,日本,2,200307,绿色食品与饥饿,70,80,64,67,87,358,C,
从这个角度来看，吃“绿色食品”是对解决食品污染问题一定有好处{CJsd}。,200307205525100067,日本,1,200307,绿色食品与饥饿,70,80,67,75,76,358,C,
如果我们都生产{CC产生}“绿色食品”的话，[BC、]因缺少粮食[C]而挨饿的人会增加吗？,200307205525100177,日本,1,200307,绿色食品与饥饿,65,60,46,64,47,265,未参加,
人病了，可以医治；但人死了，还能复生吗？,200307212523200044,韩国,2,200307,绿色食品与饥饿,80,85,80,64,93,396,B,
当然解决饥饿问题是重要的。,200307209525100018,日本,1,200307,绿色食品与饥饿,60,75,80,64,84,349,C,
饥饿可以说是一种人类历上的[C]悲剧。,200307201523100015,韩国,1,200307,绿色食品与饥饿,65,65,59,49,87,309,C,
他们因缺少粮食而死亡的比率也很高。,200307201523200027,韩国,2,200307,绿色食品与饥饿,65,80,72,59,67,331,C,
地球是一个，[BC.]没有两个。[BC.],200307201523200093,韩国,2,200307,绿色食品与饥饿,65,60,64,38,67,277,未参加,
美国取得了胜利，可是伊拉克就剩下一个荒[B慌]凉的地和人。,200307302523200056,韩国,2,200307,绿色食品与饥饿,75,60,67,54,70,312,C,
虽然不用化肥和农药会给一些粮食[C]缺少的人们带来挨饿，可是保护大自然是更重要的，所以我们不能用化肥和农药，要找别的办法来解[C]决粮,200307302523100082,韩国,1,200307,绿色食品与饥饿,65,60,64,59,67,298,C,
那{CJ-sy是}什么样的食品呢？,200307302523200083,韩国,2,200307,绿色食品与饥饿,60,55,22,27,15,160,未参加,
我希望快点儿到能吃绿色食品,200307302523100091,韩国,1,200307,绿色食品与饥饿,65,75,78,51,73,329,C,
现在全世界各国面临[C]要解决前面说的两种问题{CJ+zxy的情况}。,200307302523200102,韩国,2,200307,绿色食品与饥饿,75,70,78,54,79,345,C,
在这种情况下，没有可治疗的药的话，那个人只有等待死亡[C]的日期。,200307302523200121,韩国,2,200307,绿色食品与饥饿,70,65,64,51,73,309,C,
这种[B钟]问题就{CJX}我们也都明白[BQ，]农药也是人发明[B作]的一个药品。[BC.],200307206523100045,韩国,1,200307,绿色食品与饥饿,65,60,32,25,21,186,未参加,
首先，农民要用化肥和[B利]农药{CJX}小量化。,200307206523200048,韩国,2,200307,绿色食品与饥饿,65,60,27,38,32,205,未参加,
现在在日本很多从事农业的人研究“绿色食品”。,200307206525100063,日本,1,200307,绿色食品与饥饿,65,85,51,49,58,298,未参加,
我们使用的化肥和农药都是科技的一种产物。,200307215523250009,韩国,2,200307,绿色食品与饥饿,70,65,72,67,70,330,C,
不知道什么时候会普及起来，但是我认为这还是不是个{WWJ},200307215523250028,韩国,2,200307,绿色食品与饥饿,55,60,59,43,64,262,未参加,
P}在这个决定中，我还是选了“绿色食品”。[BC。],200307332523100018,韩国,1,200307,绿色食品与饥饿,80,70,75,70,70,355,B,
地球只有一个。,200307332525200023,日本,2,200307,绿色食品与饥饿,65,60,59,62,61,290,C,
最近在中国有男女分班的学校，这种分班式的教育，在泰国，早就有很多学校实行了{CC男女分班}。,200309529529151004,泰国,1,200309,我对男女分班的看法,0,70,63,44,63,235,未参加,
记得周总理在南开学校读书时，[BC、]他和几位进步的男同学{CQ一起}与女生{CJX}在讨论如何{CC有关}联合创办校刊时，他建议女中学生会与南开学生会可以{CC2应}{CD联合}一起合办校刊，同时联合{CJ-dy二者的}力量与反动派作斗争。,200309529529151018,泰国,1,200309,我对男女分班的看法,65,70,30,23,81,255,未参加,
如果你因学习早恋而耽误{CC相匆}了自己{CQ的}学业，也包括{CD了}你的前途，那你还对得起那从小把你抚养到大的父母亲吗？,200310512512150039,菲律宾,1,200310,我对男女分班的看法,70,75,47,42,76,299,未参加,
我觉得{CC的}男女分班{CJ+zhuy这}是不对的。,200310520520250008,蒙古国,2,200310,我对男女分班的看法,65,65,38,21,38,211,未参加,
这种看法也有道理，可是上面{CC上述}我提过谈恋爱就是{CQ因}个人成熟不成熟的问题而起。,200310576525100010,日本,1,200310,我对男女分班的看法,60,60,66,54,63,285,未参加,
可总的来说，这样的学校并不是很多，而且有逐渐减少的倾向。,200310576525200036,日本,2,200310,我对男女分班的看法,80,80,74,73,72,371,B,
而且我觉得家长对女儿的早恋问题过于担心{CC4太操心}了。,200310576525200043,日本,2,200310,我对男女分班的看法,60,65,52,51,72,283,未参加,
我想当家长时大部分{CQ家长}都不想让自己的子女早恋，[BC、]天天想着{CC这}自己的恋人，[BC、]不能{CQ好好}学习。,200310576525100068,日本,1,200310,我对男女分班的看法,70,60,55,37,56,263,未参加,
而知道如何有效地{CC的}和异[F異]性相处[F處]却[F卻]可以帮[F幫]助学生在社会上生存。,200311952922230010,美国,2,200311,我对男女分班的看法,75,80,74,70,85,375,B,
我认为，作为一个华侨[B乔]至少也应该会懂汉语，因为无论如何，我们的祖先也是中国人。,200304131540200050,印度尼西亚,2,200304,我学汉语是为了……,60,65,38,41,57,244,未参加,
我想哪里有海水，哪[B那]里就会看到中国人[BD，]和听到中文。,200304131529200066,泰国,2,200304,我学汉语是为了……,65,70,56,57,60,294,C,
应该说我非常喜欢说话，而且对各种各样的语言很感兴趣。,200304131638100073,摩尔多瓦,1,200304,我学汉语是为了……,85,65,38,19,63,259,未参加,
没想到，这些爱好以后带给我很大的影响。,200304131542200183,越南,2,200304,我学汉语是为了……,70,80,59,54,77,330,C,
上大学以后，我们学校要求我们上汉语课而不是英语{CQ课}。,200304131542200199,越南,2,200304,我学汉语是为了……,75,80,71,60,88,365,B,
我也是因为上边的理由而来中国的。,200304131540100247,印度尼西亚,1,200304,我学汉语是为了……,70,70,68,71,80,347,C,
学习与异性相处{CC合作}当然也得趁早[BQ，]不是吗？,200306680519250011,马来西亚,2,200306,我对男女分班的看法,95,70,92,75,96,422,B,
这是因为女生较善于文哲背诵而男生较专于数理化方面。,200306680519250012,马来西亚,2,200306,我对男女分班的看法,90,75,90,75,90,414,B,
它们会影响我们的子孙后代。,200307271523200023,韩国,2,200307,绿色食品与饥饿,75,75,86,75,96,397,B,
人们{CQ对}以最基本的生产方式，低廉的价格为特点的传统食品感到熟悉，[BC、]人们要虽然价格比较昂贵，[BC、]但是有利于健康的“绿色食品”。,200307271523100041,韩国,1,200307,绿色食品与饥饿,75,80,80,70,70,366,B,
绿色食品和饥饿，看起[B得]来没什么大的关系，但是，我认为绿色食品和饥饿有很大的关系[BQ。]第一，[BQ“]绿色食品”是奢侈的东西。,200307271523100042,韩国,1,200307,绿色食品与饥饿,70,65,67,59,58,305,C,
也许，这种现象[B像]很正常，没什么可意外的，但我的看法有些不同。,200307271523100084,韩国,1,200307,绿色食品与饥饿,75,65,75,70,81,353,B,
第一，吸烟对吸烟者的身体特别不好。,200405109525200061,日本,2,200405,吸烟对个人健康和公众利益的影响,85,75,71,77,68,368,B,
烟流{CJ+sy是}和大声的音乐不想听也自然地进{CJ-buy到}耳朵来[C]一样，不想闻我们J就{CC也}不能呼吸了。,200405109525200576,日本,2,200405,吸烟对个人健康和公众利益的影响,70,65,57,66,61,305,C,
实[C]际上，大多数的人的想法和我不同，他们{CJX}越增加{CJX}不允许抽烟的地方，越高兴。,200405109525101007,日本,1,200405,吸烟对个人健康和公众利益的影响,70,60,36,48,44,243,未参加,
”这句话也确实打动了全国吸烟爱好者的心，全国各地纷纷发起{CC引起}了戒烟运动，{CJ-zhuy这件事}同时给我们[C]说明了对{CJX}吸烟者周围非吸烟者有可能导致的影响。,200405109523201015,韩国,2,200405,吸烟对个人健康和公众利益的影响,75,65,67,73,77,344,C,
我父亲得过心脏[C]病。,200405109525201190,日本,2,200405,吸烟对个人健康和公众利益的影响,75,60,62,66,73,322,C,
这是属于危害个人健康的最可怕的病。,200405109525101347,日本,1,200405,吸烟对个人健康和公众利益的影响,55,60,64,68,70,298,未参加,
实施这{CQ项}新措施{CQ的}同时，在公共场所允许抽烟的地方也少了。,200405109523201416,韩国,2,200405,吸烟对个人健康和公众利益的影响,60,65,40,44,59,251,未参加,
是为了保持市容整洁，并帮助青少年养成良好的习惯。,200405109523201446,韩国,2,200405,吸烟对个人健康和公众利益的影响,70,65,55,39,57,272,未参加,
因为吸烟造成的危害很大{CJ+zxy的原故}。,200405109523201478,韩国,2,200405,吸烟对个人健康和公众利益的影响,70,70,64,58,53,303,C,
吸烟对人的健康来说是百害无{CJX}而{CQ一}利的。{CP一支烟里边的危害成分比我们想像的还多。但，如果一个人在室内抽烟的话，周围的人不得不吸收{CD那},200405109523201478,韩国,2,200405,吸烟对个人健康和公众利益的影响,70,70,64,58,53,303,C,
我的父亲也是爱烟人，一看他我也就明白{CQ了}。,200405109525201496,日本,2,200405,吸烟对个人健康和公众利益的影响,70,65,40,54,55,270,未参加,
第三，保持环境。,200405109525201510,日本,2,200405,吸烟对个人健康和公众利益的影响,55,60,50,68,59,273,未参加,
许多人赞成不吸烟，那是因为吸烟{CD是}对身体没有好处，它会给吸烟者带来很多疾病，世界上很多人都死于肺癌。,200405109523101772,韩国,1,200405,吸烟对个人健康和公众利益的影响,70,70,59,66,50,303,C,
机杨是人很多的地方，所以什么样的人都有，但我觉得为了戒[Pjiè]不了烟的人，单独[C]在机杨楼里设个房间，专门儿在那吸烟，就不会污染空气，伤害别的人。{CP但在别的公共场[C]所{CD上},200405109523101797,韩国,1,200405,吸烟对个人健康和公众利益的影响,80,65,71,54,77,335,C,
现代医学的发展还是治不好这种病。,200405109523101894,韩国,1,200405,吸烟对个人健康和公众利益的影响,65,90,57,52,53,308,未参加,
还有抽烟的人大多数都是抽完了之后把烟头{CC烟斗}扔掉，这破坏{CC损害}市容整洁。,200405109525200026,日本,2,200405,吸烟对个人健康和公众利益的影响,85,75,66,83,95,396,B,
我特别{CJ+sy有}关注{CC注意}{CQ的}是女人{CD的}吸烟。,200405109525100533,日本,1,200405,吸烟对个人健康和公众利益的影响,85,65,62,68,54,323,C,
不好，{CD但}间接吸烟也很危险[BQ。]烟民吸烟，让别人间接吸烟，[BC。]{CJ-zhuy这}是很自私的行为{CC行动}。,200405109523200644,韩国,2,200405,吸烟对个人健康和公众利益的影响,80,65,58,77,73,341,C,
政府{CD按}禁止学生吸烟，加强不许卖给烟{CD对}青少年{CJshb}{CJ-zxy这一政策的实施}，家里人都{CQ要}好好照顾青少年。,200405109523200677,韩国,2,200405,吸烟对个人健康和公众利益的影响,60,60,56,58,39,255,未参加,
它违背{CC伤[B仿]害}了人要居[B据]住在干净的环境里的愿望。,200405109523101407,韩国,1,200405,吸烟对个人健康和公众利益的影响,80,75,78,60,70,354,B,
边走边吸{CQ的}行为是{CJX}从公德来看也相当不礼貌的，而且相当危险。,200405109525200395,日本,2,200405,吸烟对个人健康和公众利益的影响,65,65,54,70,70,308,C,
这就表示，吸烟有可能会夺取性命的。,200405204525200009,日本,2,200405,吸烟对个人健康和公众利益的影响,65,85,58,75,72,345,C,
“帮助青少年养成良好的习惯”也是我赞成{WWJ},200405204525200326,日本,2,200405,吸烟对个人健康和公众利益的影响,65,60,52,56,72,288,未参加,
他在走过我{CJ-zxy身边}时，{CJ+zhuy他}没注意到他的烟碰到{CQ了}我头上。{CJ-zhuy我},200405204525100355,日本,1,200405,吸烟对个人健康和公众利益的影响,65,50,36,37,47,216,未参加,
对讨厌{CC2嫌}烟{CD者}的我来说，这件事让我{CJ-zy很}高兴。,200405205525100178,日本,1,200405,吸烟对个人健康和公众利益的影响,60,85,58,54,58,304,C,
心情不好的时候、考试之前很紧张的时候，一吸烟就觉得很舒服，这样的烦恼[B脑]就消失{CC消灭}{CQ了}。,200405201525100049,日本,1,200405,吸烟对个人健康和公众利益的影响,65,75,52,44,70,293,未参加,
然后大家一起创造符合{CC反应}两方面的要求的城市。,200405201525100049,日本,1,200405,吸烟对个人健康和公众利益的影响,65,75,52,44,70,293,未参加,
因为抽烟，身体的健康是处于不好的状态的。,200405332519100053,马来西亚,1,200405,吸烟对个人健康和公众利益的影响,60,70,47,44,56,262,未参加,
最重要的是他们是否在心理及生理上已经准[F準]备[F備]就绪，只要双方认[F認]为[F為]合适，男女双方都有共同[C]建立小家庭的目的，加上事业有成，我想以上的任何一个方法都可以接受。,200410534533150018,新加坡,1,200410,最理想的结交方式,80,80,66,83,89,390,B,
以往离婚率没这么高，我们父辈大都靠媒妁之言，他们一样能相敬如宾[F賓]，为什么我们这一辈却动不动就离婚，其实这一切都是假象的{CJsd}，只要你仔细观察，你会发现，以往妇女虽然不幸但却默默{CC2哑}忍住，因此我认为我们男女之间交往必须经过坦诚交往，才能结为伴侣，不应草率决定。,200410534533250025,新加坡,2,200410,最理想的结交方式,70,75,80,65,75,354,C,
当然，结交后成为[L]夫妻，感情还是得天天培养才会持续一段美满婚姻，才称得上是最理想的结交。,200410534533250036,新加坡,2,200410,最理想的结交方式,80,80,77,83,91,403,B,
因[F為]朋友的好意我就[F較]放[B方]心，花[B化]一段时[F時]间[F間]，慢慢了解这[F這]个[F個]女生，有zhi得交了一个[F個]新朋友{CJ？}。,200410534610150049,法国,1,200410,最理想的结交方式,85,75,52,45,46,295,未参加,
经过长时间了解对方的家庭背景、受教育程度{CC5教育}、为人处世{CC处事方面}和宗教信仰，那你就能正确地{CC的}断定对方是否是你的理想伴侣。,200410534533250059,新加坡,2,200410,最理想的结交方式,75,85,71,60,75,359,B,
古人常说，“见一面得修五百年的福”。,200410534533250144,新加坡,2,200410,最理想的结交方式,60,90,69,63,72,344,C,
很多人认为这样高的收入是不应该的，有的人认为这是不公平的现实。[BC，],200404140540100145,印度尼西亚,1,200404,运动员收入,65,65,49,32,43,238,未参加,
他们甚至有时会吃亏。,200404140540200297,印度尼西亚,2,200404,运动员收入,70,75,73,73,69,349,B,
我觉得，要一个人不抽烟，与其制定种种措施加以惩罚，倒不如加强宣传和教育{CC5宣教}工作，让烟民知道为什么抽烟不好，更可达到治本之效。,200405680519150045,马来西亚,1,200405,吸烟对个人健康和公众利益的影响,75,95,74,90,99,427,B,
我们都知道，青少年的求学时期，尤其是在中学时期，年龄介于十二{CC12}至十六、七{CC16、7}岁之间，是生理特征明显发育而产生变化的时期，青少年对于自己以及异性生理都会经过一个{CQ从}忧虑、[BC，]了解到接受的过程。,200504534533150012,新加坡,1,200504,我对男女分班的看法,65,85,92,89,95,416,B,
这样一来，反而使得{CC使到}他们更早、更想要谈恋爱。[BC.],200504534533250007,新加坡,2,200504,我对男女分班的看法,75,85,76,78,84,391,B,
所以，就以上的几点，我认[C]为混合教育还有其优点。,200504534533250112,新加坡,2,200504,我对男女分班的看法,95,75,81,82,77,405,B,
当男女分班时，好处是如大部分[B份]家长所说的，能避免学生早恋，能用心读书。,200504534533250123,新加坡,2,200504,我对男女分班的看法,75,75,78,82,73,373,B,
另一个使我不赞成男女分班的原因是会造成男生不了解女生，而长大后有许多不便[B变]。,200504534533150142,新加坡,1,200504,我对男女分班的看法,60,65,51,62,73,294,未参加,
像铜钱一样有正面与反面，这种社会问题也有好处与坏处。,200504534533250147,新加坡,2,200504,我对男女分班的看法,70,80,78,67,75,360,B,
所以，何[B和]必把男女分[D开]班、学校呢？,200504534533250182,新加坡,2,200504,我对男女分班的看法,65,65,59,69,59,301,C,
这能帮助{CC帮忙}解决现今社会受高深教育的男女迟恋爱，迟结婚与迟生育或不生育的难题。,200504534533250186,新加坡,2,200504,我对男女分班的看法,80,85,81,84,86,410,B,
如果我自己选[C]错了[BQ，]那么这[C]个是我的责[C]任，[BC。]自己得解[C]决[C]问题，[BC。]不能怪父母。,200505109525200005,日本,2,200505,父母是孩子的第一任老师,65,60,46,44,62,260,未参加,
只有父母做个好老师，孩子才能正常长大。,200505109525100466,日本,1,200505,父母是孩子的第一任老师,75,90,76,52,67,354,C,
要当父母的话，要小心好好准备！,200505109616100502,德国,1,200505,父母是孩子的第一任老师,75,65,52,38,43,260,未参加,
还有，在大部分情况下，小时候经常被父母打的人，长大了以后也会打自己的孩子。[BC？],200505109610200730,法国,2,200505,父母是孩子的第一任老师,95,65,66,56,79,353,C,
孩子刚[F剛]生出来之后[F後]，最多{CJX}接触[F觸]的是父母，故此父母一定要给他们{CJ-sy做}一个[F個]良好的榜样[F樣]。,200505109634200961,英国,2,200505,父母是孩子的第一任老师,65,80,57,47,62,299,未参加,
我认为“第一任”不只是第一位[BQ，]还涵[C]盖[B概]“最重[C]要”的内容[C]。,200505109525100991,日本,1,200505,父母是孩子的第一任老师,65,65,60,62,78,314,C,
我希望每个父母——老师，他们对学生——孩子给予的影响都好的{CJsd}。,200505109525201138,日本,2,200505,父母是孩子的第一任老师,60,75,57,62,78,318,未参加,
在现代的社会里，随着科技的发展，人们对孩子的教育越来越重视。,200505109610201293,法国,2,200505,父母是孩子的第一任老师,80,70,66,47,76,329,C,
我认为父母是孩子的第一位老师。,200505109525201366,日本,2,200505,父母是孩子的第一任老师,70,65,57,43,55,276,未参加,
孩子成长中必要学习的一般教养太多。,200505109525101730,日本,1,200505,父母是孩子的第一任老师,60,65,31,47,43,229,未参加,
孩子长大后也是这样。,200505109525202129,日本,2,200505,父母是孩子的第一任老师,55,65,41,37,45,225,未参加,
吵到最后开始打架的时候{CC2时}，我母亲突然拿来两把刀给我们俩一人一把{CC个}。,200505109540202302,印度尼西亚,2,200505,父母是孩子的第一任老师,65,70,52,39,45,257,未参加,
他[C]们太爱自己的孩子而有时[C]采取过分的行为。,200505109525202353,日本,2,200505,父母是孩子的第一任老师,70,70,76,76,80,360,C,
在[C]这[C]样的情况下，父母的兴趣爱好、思[C]想[C]观[C]念[C]、行为举止，无疑[C]地在孩子心目中打下深深的烙印。,200505109525102428,日本,1,200505,父母是孩子的第一任老师,90,70,71,75,87,386,B,
只要父母表现出来，孩子自己会学很多事情。,200505109525202487,日本,2,200505,父母是孩子的第一任老师,65,60,58,69,83,318,C,
他的母亲看到他抽烟，大吃一惊，生他的气。,200505109525202537,日本,2,200505,父母是孩子的第一任老师,70,60,69,61,78,323,C,
最后，[BC、]因为父母跟孩子的时间最长，父母是唯一最有影响的老师，不但{CJX}父母有耐心和真心去教孩子，父母会对{CC为}孩子的全部方面关怀。,200505271922200146,美国,2,200505,父母是孩子的第一任老师,80,65,50,53,61,297,未参加,
家长的行为举止对孩子的未来是有特别的重要性{CJsd}。,200505204533200157,新加坡,2,200505,父母是孩子的第一任老师,65,70,61,51,61,294,C,
父母对生活的观念{CC概念}却很会影响孩子的观念[B会]，让他以后{CC后来}面对全社会的挑[B跳]战。,200505204610200383,法国,2,200505,父母是孩子的第一任老师,95,65,61,51,54,318,C,
因为忙着找工作赚钱{CC5找钱工作}，孩子的一些基本的需要，比如父母的关心，都不要管了。,200505212540200004,印度尼西亚,2,200505,父母是孩子的第一任老师,90,65,73,55,72,346,C,
还有作[B做]为父母要注意自己对孩子的态度。,200505212540200023,印度尼西亚,2,200505,父母是孩子的第一任老师,85,60,56,53,50,292,未参加,
孩子从出生到自己能对外界有所认识时[BQ，]父母是他们接触最多的人[BQ，]所以孩子能学到的东西就是从父母身上学来的。,200505212542200016,越南,2,200505,父母是孩子的第一任老师,85,65,73,65,74,351,C,
所以一个家长要自己的孩子成[C]为一个好人，对社会{CC设社}有用的人[BQ，]他们[B门]就要从自己[B起]本身做[B作]起[BQ，]比如说父母要对亲人、[BC，]周围的人好，做[B作]一个有道德[B得]的人[BQ，]那样他的孩子才{CJ-zy会}跟{CC从}他学会做[B作]人。,200505212542200016,越南,2,200505,父母是孩子的第一任老师,85,65,73,65,74,351,C,
由此可见[F見]，男女之间[F間]的相识[F識]及相爱[F愛]问[F問]题[F題]是不容轻[F輕]视的。{CD藉由},200505951501150008,中国,1,200505,最理想的结交方式,85,90,79,82,93,425,A,
在这[F這]一段时间[F間]，大家会[F會]开[F開]始了[F暸]解对[F對]方，例如，日常生活、个[F個]人喜好、人生的观[F觀]点[F點]、个[F個]人理想、家庭背景和观[F觀]念。,200505951922250006,美国,2,200505,最理想的结交方式,60,65,70,69,79,326,C,
话说回来{CC話說回頭}，虽[F雖]然爱[F愛]一个[F個]人就要包容他的缺点[F點]，[BC。]但是，如果两[F兩]个[F個]人的性格比较[F較]合的话[F話]，那么[F麼]，他们[F們]相处[F處]也会[F會]好一点[F點]。,200505951922250006,美国,2,200505,最理想的结交方式,60,65,70,69,79,326,C,
也许[F許]我的观[F觀]点[F點]在很多新新人类[F類]眼里[F裏]，已属[C]于[F於]老掉牙、老古板了。,200505951922250014,美国,2,200505,最理想的结交方式,95,90,93,80,97,454,A,
我认为这样的方法是很好的。,200505522522250016,缅甸,2,200505,最理想的结交方式,65,70,52,49,73,295,未参加,
听{CQ了}她的话后我心里想道[B到]“爱是用什么来衡量{CC测量}的？,200505522522250018,缅甸,2,200505,最理想的结交方式,65,75,41,62,50,280,未参加,
父母为此应不断充实自己的文化和看法，而孩子也应主动与父母亲沟通。,200505501937200017,阿根廷,2,200505,父母是孩子的第一任老师,95,95,86,79,96,450,A,
相反，如果一个孩子他父母没有文化，素质很低，那么成长在这样的家庭{CJ-zxy里}的孩子大部分素质也低，没有文化。,200505332540200025,印度尼西亚,2,200505,父母是孩子的第一任老师,65,85,71,57,78,346,C,
父母是孩子的第一任老师，我个人认为这句[B几]话是没错的。,200505332540200042,印度尼西亚,2,200505,父母是孩子的第一任老师,70,50,41,31,36,211,未参加,
吸烟没有{CC未有}以前那么{CC如此}的[D地]方便。,200509105922200007,美国,2,200509,吸烟对个人健康和公众利益的影响,80,75,55,40,46,287,未参加,
有的专[C]家认[F認]为[F為]因为[F為]吸烟对[F對]身体[F體]不好，应[F應]该[F該]不让[F讓]个[F個]人吸烟，这[F這]种[F種]看法不无[F無]道理，但是其的思想最后[F後]站不住脚。,200509105922200011,美国,2,200509,吸烟对个人健康和公众利益的影响,85,75,24,45,39,260,未参加,
本人知道您的公司规模大并很有潜力，所以很有兴趣加入该公司。,200509534533250004,新加坡,2,200509,一封求职信,80,80,77,53,64,346,C,
快乐家庭旅游公司李文先生您好，从×日报纸招聘启事得知贵公司欲聘请经理，本人对此职位深感[C]兴趣，以下是本人在此行业之简历，经验，成绩等等之简单陈述：简历：1965年生，现年40岁[C]，××大学工商管理1983年毕[F畢]业生，新加坡公民，并[F並]在1990年考获[F獲]新加坡旅游学院之旅游管理文凭{CD证书}。,200509534533150018,新加坡,1,200509,一封求职信,70,75,70,62,93,359,C,
即刻把敝人工作经验，个人简历等回复[B覆]如下，希望贵公司考虑。,200509534533150048,新加坡,1,200509,一封求职信,55,60,61,64,75,296,未参加,
谢谢。,200509534533250102,新加坡,2,200509,一封求职信,70,70,75,62,77,342,C,
我从小就热爱旅游。,200509534533250125,新加坡,2,200509,一封求职信,55,70,79,75,75,338,C,
除此之外，我曾经在新加坡担任过三年的导游，从三年多{CC来}的经历{CC经验}中学到了不少。,200509534533250130,新加坡,2,200509,一封求职信,60,70,77,69,82,343,C,
谢谢。,200509534533250172,新加坡,2,200509,一封求职信,60,70,88,58,91,352,C,
这也加强了我往这行发展的信念。,200509534533150181,新加坡,1,200509,一封求职信,55,70,63,49,84,305,未参加,
现在我告诉[C]你们流行歌曲有什么好处。,200510111523200010,韩国,2,200510,我看流行歌曲,60,75,42,44,59,266,未参加,
我非常伤心的时候，[BC。]通过听[C]我喜欢的歌曲来[C]换[B唤[C]]我郁[C]闷的气氛[B分]。,200510111523100432,韩国,1,200510,我看流行歌曲,75,55,67,73,74,329,C,
首先，通过流行歌曲我们可以知道现在的流行趋势。,200510111523100822,韩国,1,200510,我看流行歌曲,65,85,60,52,72,324,C,
走路、开车、骑车都戴着mp3，这种习惯我觉得不好，容易发生交通事故[C]。,200510111407200823,朝鲜族,2,200510,我看流行歌曲,65,90,70,61,84,361,C,
我的朋友中也有这样的人。,200510111523200834,韩国,2,200510,我看流行歌曲,75,60,56,52,57,286,未参加,
所以现代的许多年青人融自己的故事和流行歌曲的故事于一体去听流行歌曲，[BC.]而且一般唱流行歌曲的歌手是帅哥或美女。[BC.],200510111523100862,韩国,1,200510,我看流行歌曲,70,75,63,54,77,328,C,
总的{CC得}来说，当我们判断流行歌曲时，不要只考虑一面之词而听一听究竟[B境]{CJX}他们{CQ在}讲什么，也是一件有意义[L]的事情。,200510111523200866,韩国,2,200510,我看流行歌曲,90,80,77,65,72,379,B,
可是这种现象只是一时的，长大以后应该不那样做。,200510111523200870,韩国,2,200510,我看流行歌曲,65,65,63,52,52,281,C,
流行歌曲就是我的第二个朋友，每天都会在我的耳朵边围绕着。,200510111523200894,韩国,2,200510,我看流行歌曲,60,85,53,61,67,315,未参加,
看上去大部分歌迷[C][BD，]迷[C]的都在歌手的外貌。,200510111523201044,韩国,2,200510,我看流行歌曲,60,70,58,42,57,272,未参加,
我是一个不喜欢流行歌曲的人。,200510111523201050,韩国,2,200510,我看流行歌曲,60,75,70,50,64,305,未参加,
可我希望[C]中国的音乐往前走会做出跟传统音乐结合{CC2和}在一起的新的文化。,200510111523201066,韩国,2,200510,我看流行歌曲,60,65,49,42,52,251,未参加,
我也这样的经历{CC经过}{CJy}。,200510111523201072,韩国,2,200510,我看流行歌曲,55,75,56,61,69,301,未参加,
比如，有些批评政府{CC政部}，歌词并不直接[BQ，]但那里的含义却叫我们想到{CC2想一下}现在的社会状况。,200510111523201108,韩国,2,200510,我看流行歌曲,65,60,58,61,57,284,C,
所以说，流行歌曲可以调剂人们的感情。,200510111523101115,韩国,1,200510,我看流行歌曲,55,60,60,38,59,253,未参加,
都要周边的朋友做什么就跟着做什么。,200510111523101127,韩国,1,200510,我看流行歌曲,70,65,70,54,55,300,C,
听这些流行歌曲，那我的心里可以变得很平静{CC平安}，很舒畅。,200510111523201271,韩国,2,200510,我看流行歌曲,70,70,42,40,62,272,未参加,
这样{CQ的}问题我[C]觉得十分严重的问题{CJs}。,200510111523101863,韩国,1,200510,我看流行歌曲,60,60,60,52,62,276,未参加,
有专[F專]家指出，当[F當]胎儿[F兒]脑[F腦]部开[F開]始发[F發]育的时[F時]候，他已开[F開]始留意母亲[F親]身边[F邊]四周的景物{CQ了}。,200510919919105303,加拿大,1,200510,父母是孩子的第一任老师,75,80,24,79,96,345,未参加,
不是如迪斯科[B哥]的流行歌曲似的，蹦蹦跳跳，令人头晕脑涨，讨厌死了，可也不能这么说，俗话说：“萝[B罗]卜青菜，各有所爱。,200510212542100026,越南,1,200510,我看流行歌曲,65,65,51,38,59,262,未参加,
我们不应[F應]该[F該]过份重视[F視]歌星，而{CC反而}应[F應]该[F該]注重他的音乐[F樂]，现在的娱乐公司很懂得做。,200510543801200001,澳大利亚,2,200510,我看流行歌曲,80,95,58,56,74,358,C,
流行歌曲不应该受到蔑视，因为它反映[B影]了[L]一个社会的文化。,200510543801200002,澳大利亚,2,200510,我看流行歌曲,80,60,74,71,74,346,C,
在收音机里，大多数[F數]听到的是流行歌曲。,200510543801200002,澳大利亚,2,200510,我看流行歌曲,80,60,74,71,74,346,C,
为什么喜欢听呢[B尼]？,200510302523100005,韩国,1,200510,我看流行歌曲,80,70,65,38,55,298,未参加,
以前的歌曲一般以“[BC‘]爱情”[BC’]为主，可是现在歌曲的内容各种各样：[BC，]爱情、[BC，]社会问题等等。,200510302523100017,韩国,1,200510,我看流行歌曲,55,60,58,63,57,274,未参加,
我的弟弟才5岁，但他受到我的影响，听了很多流行歌。,200510302523200010,韩国,2,200510,我看流行歌曲,65,65,67,61,64,306,C,
我喜欢流行歌曲，而且经常听。,200510302523200020,韩国,2,200510,我看流行歌曲,75,70,72,75,89,370,B,
你听过传统音乐吗？,200510302523100058,韩国,1,200510,我看流行歌曲,75,70,86,75,94,389,B,
一天，我在看着流行歌曲时想到了被那些流行歌曲{CQ影响}不好好学习只想着流行歌手[B首]和流行歌曲的学生们。,200510302523200057,韩国,2,200510,我看流行歌曲,50,50,42,26,47,193,未参加,
一般人都知道以后自己怎么准备社会{CJX}进入。,200510302523100079,韩国,1,200510,我看流行歌曲,65,60,60,50,55,273,未参加,
我认为一个歌曲能给人们一个{CC一条}希望。,200510302523200080,韩国,2,200510,我看流行歌曲,70,90,60,59,79,351,C,
所以我想听不听、[BC，]喜欢不喜欢流行歌曲是根据自己的特性来选择[B译]的，不能说这样的态度好不好的问题{CJZR}。,200510302523200084,韩国,2,200510,我看流行歌曲,65,60,63,48,55,274,未参加,
以后继续这样下去，将来一定能成功。,200510302523200091,韩国,2,200510,我看流行歌曲,60,55,49,42,47,234,未参加,
第二，应该{CQ在}保持自己生活的规律的同时{CC3着}喜欢流行歌曲[B典]或歌星。,200510302523200113,韩国,2,200510,我看流行歌曲,70,65,49,34,67,271,未参加,
她特别喜欢听中国流行音乐。,200510302523100173,韩国,1,200510,我看流行歌曲,70,65,56,42,72,291,未参加,
如美国的一个心理学家是用流行歌曲治疗患者。,200510302523200153,韩国,2,200510,我看流行歌曲,80,75,63,69,82,360,B,
这些理由，我同意流行歌曲。,200510302523100195,韩国,1,200510,我看流行歌曲,75,70,56,54,64,308,C,
但是{CC所以}我们听音乐的时候不要盲[B亡]目地{CC的}听。,200510302523200242,韩国,2,200510,我看流行歌曲,70,60,56,32,37,240,未参加,
因为我还年轻，唱流行歌曲的人也很年轻[BQ，]所以我们都能了解对方的心。,200510302523200256,韩国,2,200510,我看流行歌曲,55,60,30,46,45,217,未参加,
流行歌曲作为一种时尚的生活调节，自有其流行的价值。,200510529529151009,泰国,1,200510,我看流行歌曲,95,85,60,65,84,387,C,
有人说，歌曲也会医好病人的，比如我，我在烦恼[B脑]的时候，{CJ+zhuy我}心里感到很闷，一听到流行歌在耳边响着，我会跟着唱的，尤其是听的{CD是}流行歌曲是我最喜欢的歌曲，我会暂时把脑里的烦恼[B脑]抛开{CD了}。,200510540540200047,印度尼西亚,2,200510,我看流行歌曲,65,65,53,40,79,286,未参加,
我自己认为爱情就是婚姻的基础，没有爱情的婚姻意味着没有幸福之婚。,200505684542200003,越南,2,200505,最理想的结交方式,75,70,43,51,79,307,未参加,
就像我的离婚原因一样，我想大多数离异夫妇都是因为了解而分开的。,200505680519250010,马来西亚,2,200505,最理想的结交方式,70,70,82,80,95,385,C,
这就是所谓的胎教。,200509602801250012,澳大利亚,2,200509,父母是孩子的第一任老师,80,70,83,72,84,379,B,
所以我现在很注意健康[BQ，]我从这个月起，每天晚上锻炼身体，有的时候跑步，有的时候跟同屋打羽毛球，而且不乱吃任何东西。[BC，],200104124523200008,韩国,2,200104,一封写给父母的信,65,80,58,58,63,312,C,
我来到北京已经一年多了，我觉得最难过的时期是现在。,200104124523200073,韩国,2,200104,一封写给父母的信,70,70,30,28,38,224,未参加,
她今年才20岁。,200104124540200102,印度尼西亚,2,200104,一封写给父母的信,70,80,55,39,49,283,未参加,
我不知道我什么时候可以还给您，[BC。]我也很希望早一点还给您。,200104124523100197,韩国,1,200104,一封写给父母的信,80,65,27,16,29,205,未参加,
亲爱的父亲和母亲：爸爸，妈妈，你们好吗？,200104124525200268,日本,2,200104,一封写给父母的信,70,80,44,54,54,292,未参加,
这次也一样，您不用担[B但]心了。,200104124529200270,泰国,2,200104,一封写给父母的信,75,70,60,28,61,283,未参加,
我理解{CC了解}您们。,200104124529200338,泰国,2,200104,一封写给父母的信,70,90,60,42,65,320,C,
我在国内时，总是让父母担心：[BC。]爱玩、喜欢跟{CC见}朋友喝酒。,200104124523100394,韩国,1,200104,一封写给父母的信,65,65,49,58,49,270,未参加,
还有很多表达不出来的东西。,200104124523100447,韩国,1,200104,一封写给父母的信,80,85,49,65,74,347,C,
你别担心。,200104124523200451,韩国,2,200104,一封写给父母的信,70,70,52,25,45,250,未参加,
现在韩国的天气怎么样？,200104124523200458,韩国,2,200104,一封写给父母的信,65,80,36,23,27,219,未参加,
这些画里有人物，也有风景、动物等等。,199200204525200019,日本,2,199200,一封求职信,,,0,0,0,0,未参加,
为了帮助{CJ-by贵国}提高贵国的生产力[BQ，]我决定{CD了}写{CQ给}您这封求职信。,199200204604100030,奥地利,1,199200,一封求职信,,,0,0,0,0,未参加,
我叫×××，昨天我看到了精美服装公司{CQ的}招聘启事，{CJ-zhuy我}在贵公司{CJX}想做推销员。,199200008525200016,日本,2,199200,一封求职信,,,0,0,0,0,未参加,
“安乐死”，这个问题是长时间以来人们谈起的一个难题。,199604123619100506,罗马尼亚,1,199604,如何看待“安乐死”,80,65,66,83,52,334,C,
我看的《“安乐死”风波》的难办的事情是谁也不能证明丈夫的无罪。,199604123525200198,日本,2,199604,如何看待“安乐死”,65,40,69,74,52,278,未参加,
这[F這]样[F樣]只要大家能互相研究及谅[F諒]解就可以把行为[F爲]方式、生活态[F態]度及价[F價]值观[F觀]念等方面的差别[F別]尽[F盡]量减[F減]少，使代[F溝]问[F問]题[F題]得到解决[C]。,199610802801100001,澳大利亚,1,199610,如何解决“代沟”问题,85,75,73,63,69,357,B,
严重的时候，甚至搞到家庭分裂。,199610802801100006,澳大利亚,1,199610,如何解决“代沟”问题,90,70,54,36,78,321,未参加,
四是为自己的成见所束缚。,199610550523190002,韩国,1,199610,如何解决“代沟”问题,60,55,49,53,72,270,未参加,
所以他们情[B请]愿辛苦地劳动挣钱，让{CC给}孩子多学知识。,199610550523190013,韩国,1,199610,如何解决“代沟”问题,60,65,75,67,59,309,C,
所以特别是刚成家的人应该注意以后有了孩子如何待孩子。,199610550523190017,韩国,1,199610,如何解决“代沟”问题,75,60,46,55,57,279,未参加,
那么，为什么发生这种现象呢？,199610550523190035,韩国,1,199610,如何解决“代沟”问题,65,65,49,65,59,287,C,
他的注意力不太好，所以他听不到年纪大的人对他说什么。,199610550523290041,韩国,2,199610,如何解决“代沟”问题,65,65,57,57,53,281,C,
怎么解[C]决？[BC。],199610550523290064,韩国,2,199610,如何解决“代沟”问题,75,65,36,59,47,269,未参加,
最重要的呢，当[C]然需要谈话。,199610550523290079,韩国,2,199610,如何解决“代沟”问题,65,55,31,48,47,228,未参加,
也就是说[F說]，今天的资[F資]讯[F訊]比以前多，比以前丰[F豐]富，今天的小孩子也{CJX}懂的事情比他们[F們]父母小时[F時]候[B后[F後]]懂的多。,199611543922100518,美国,1,199611,如何解决“代沟”问题,90,70,57,46,57,313,未参加,
{CJ-zhuy父母}虽[F雖]{CJX}人老但心境不老，对事物看法多方面{CJsd}，父母们[F們]可留意年青一代周围[F圍]{CQ的}事物，如现[F現]在所流行{CQ的}歌曲，去了解一些，大家话题[F題]也多；[BC，]年青人也多留意老人家{CQ的}喜好、活动。,199611543634100529,英国,1,199611,如何解决“代沟”问题,85,90,83,71,80,405,A,
教育方法对解决[F決]代沟[F溝]问题来说[L]必能有立竿见[F見]影之效，但百年树[F樹]人，时间更可把基础[F礎]打牢{CC固}。,199611543501100533,中国,1,199611,如何解决“代沟”问题,80,85,75,73,94,401,B,
让学生领略群策群力的力量和利益。,199603533533200013,新加坡,2,199603,由“三个和尚没水喝”想到的……,85,90,83,58,82,394,B,
再说人多也未必好办事，更糟的是，找来的帮手是一群乌合之众，那不是雪上加霜徒增烦恼{CC徒然己极}吗！,199603533533200014,新加坡,2,199603,由“三个和尚没水喝”想到的……,90,70,69,70,80,372,C,
有了一个好榜样，我是该好好学习的。,199603533533200022,新加坡,2,199603,由“三个和尚没水喝”想到的……,85,95,74,54,72,376,B,
如果我是三个人{CD之中}之一，我提议三个人一起下山挑水去，拿着比较大的水壶，一边说话，一边走。[BC，],199603533525200087,日本,2,199603,由“三个和尚没水喝”想到的……,75,70,58,56,54,302,C,
如果这样做的话，一定很愉快。,199603533525200087,日本,2,199603,由“三个和尚没水喝”想到的……,75,70,58,56,54,302,C,
打个比方，现在当我们写一篇作文时，再也不需要担心错别字。,199603533533200104,新加坡,2,199603,由“三个和尚没水喝”想到的……,90,75,80,72,96,407,B,
就是因为和尚的懒憜促使他不愿意下山抬水。[BC，],199603533533200108,新加坡,2,199603,由“三个和尚没水喝”想到的……,70,70,85,65,84,362,C,
”一听，哥哥暗示我[BQ：]“[BC‘]你去吧”[BC’]懒[C]得起身的我直接划了手势{CC给}大妹妹[BQ，]最后大妹妹大声喊着[BQ：]“小妹[BQ，]爸最疼你呢，乖[BQ，]你去好了[BQ。]”这是人的本性，不过传说{CQ中}{CD得}为什么偏[C]偏[C]和尚呢{CJs}！,199605104523200007,韩国,2,199605,由“三个和尚没水喝”想到的……,80,65,83,58,75,349,C,
所以这种小小的杂事应该你们俩的责任{CJs}，[BC。]对不对？[BQ”],199605104523100028,韩国,1,199605,由“三个和尚没水喝”想到的……,65,60,60,56,51,275,未参加,
家里也一样，庙里也一样，有经验、[BC，]年纪大的就是家长。,199605104523100028,韩国,1,199605,由“三个和尚没水喝”想到的……,65,60,60,56,51,275,未参加,
这个短文告诉我们社会生活的重要道理{CC原理}。,199605104523100040,韩国,1,199605,由“三个和尚没水喝”想到的……,65,70,35,40,42,238,未参加,
这不同点表现在自己做自己的事儿的时候比较认真，但和别人做某件事情的时候往往会发生问题。,199605104523200082,韩国,2,199605,由“三个和尚没水喝”想到的……,65,65,63,58,42,277,未参加,
传说古时候，在一座高山上的一座庙里，有一个和尚，他每天都来到山底下自己挑水喝。,199605104523100097,韩国,1,199605,由“三个和尚没水喝”想到的……,60,65,21,54,51,234,未参加,
比如，学校生活、[BC，]家庭[C]生活什么的。,199605104523100124,韩国,1,199605,由“三个和尚没水喝”想到的……,85,70,55,54,65,320,C,
我曾经听说过这个故事。,199605104525200126,日本,2,199605,由“三个和尚没水喝”想到的……,60,65,49,60,56,273,未参加,
所以，人们都找比较好的水去挑水。,199605104523100134,韩国,1,199605,由“三个和尚没水喝”想到的……,55,65,52,47,63,264,未参加,
大概需要四个{CC次}来[C]回才能[C]把井{CC1井[C]子}填[C]满。,199605104540200133,印度尼西亚,2,199605,由“三个和尚没水喝”想到的……,70,50,63,51,72,289,未参加,
我觉得[BD，]如果只有一个人的时候犯错误的话，从那个来的损失{CQ来看}，损害都{CD盖}在那一个人身上，[BC。]所以能够认真地对待[B峙]事情。,199605104525100240,日本,1,199605,由“三个和尚没水喝”想到的……,65,60,41,42,65,256,未参加,
随着社会发展，这样{CQ的}情况越来越厉[B历]害。,199605104523100288,韩国,1,199605,由“三个和尚没水喝”想到的……,50,70,46,56,56,261,未参加,
这样，我觉得很好。,199605104525100332,日本,1,199605,由“三个和尚没水喝”想到的……,75,65,66,70,70,333,C,
所以他告诉其他的和尚这件事情。,199605104525100371,日本,1,199605,由“三个和尚没水喝”想到的……,55,50,46,58,68,256,未参加,
”[BC。]年轻的和尚，哭着{CC了}说：“[BC，]真[C]对不起，我们要看和尚的花瓶，不小心打破了。,199605104525200365,日本,2,199605,由“三个和尚没水喝”想到的……,70,55,41,51,56,257,未参加,
不活动只靠别人的劳动的人有什么用处？,199605550523190016,韩国,1,199605,由“三个和尚没水喝”想到的……,60,55,44,60,63,263,未参加,
人们{CC人家}在自己一个人时什么都会做。,199605550523290049,韩国,2,199605,由“三个和尚没水喝”想到的……,55,40,63,51,63,248,未参加,
我认为{CJ+by这[C]是平庸[C]的我们}[BD、]成千上万所有的人都是一样的。{CP第一个和尚自己在庙里的时候，拜佛[C]也好，打水[C]也好，不过[C]其他[C]新来的和尚[C]不干活，那自然产生为什么我一个人损失的想法P},199605550523290074,韩国,2,199605,由“三个和尚没水喝”想到的……,60,65,60,54,39,261,未参加,
幼小的蜜蜂，担任打扫[F掃]蜂房等工作[BQ。]人是万物之灵，应该[F該[C]]比蜜蜂更懂[C]得分工合作。[BC，],199605529529150151,泰国,1,199605,由“三个和尚没水喝”想到的……,60,70,41,58,58,272,未参加,
雨后[F後]的晴天，是捉蜻蜒的时[F時]候，屋内的大院内，或小马[F馬]路旁的草地，都是捕捉蜻蜒的好去处[F處]。,200110540540250079,印度尼西亚,2,200110,我的童年,80,95,77,61,88,396,B,
母亲家是茶农，未嫁前以采[B採]茶贴补家用{CC帮助家费}，十六岁那年就下嫁我爸，当然那时是由媒人撮合的。[BC；],200110540540150098,印度尼西亚,1,200110,我的童年,75,85,68,70,85,376,B,
说来好笑，那时年幼无知，每每祖母送我上学后返回家里，我也绕道跟着回家。,200110540540150098,印度尼西亚,1,200110,我的童年,75,85,68,70,85,376,B,
快乐家[C]庭旅游公司尊[C]敬的李文先生钧鉴：从报上欣悉贵公司[BD，]目前[BD，]需要招聘一位旅游部经理，故修此函来申请。,199312533533100024,新加坡,1,199312,一封求职信,90,80,78,72,82,397,B,
我考取{CC考获}{CQ了}{CD受}国际承认的美术专业文凭。,199312533533200041,新加坡,2,199312,一封求职信,70,90,64,67,78,362,C,
本人也对人事管理情有独钟，所以对旅[C]游业非常{CQ感}兴趣。,199312533533100091,新加坡,1,199312,一封求职信,90,70,76,74,98,401,B,
可是快要{CC到}毕业了。[BC.],199312104523100016,韩国,1,199312,一封求职信,60,55,57,37,52,242,未参加,
所以我知道旅游的快乐和辛苦。,199312123525200205,日本,2,199312,一封求职信,55,65,55,67,55,280,未参加,
还有你们要相貌端正的人吗?那没有问题吧!因为我就是这样的人。,199312123523200407,韩国,2,199312,一封求职信,60,55,50,36,34,216,未参加,
我×××，看到贵公司的招聘启事，尤其是导游人员的需要，我希望应聘贵公司导游人员。,199312123525100509,日本,1,199312,一封求职信,50,50,46,36,39,198,未参加,
我要应聘的职业{CC部门}是导游。[BC.],199312123523200801,韩国,2,199312,一封求职信,55,50,48,34,39,205,未参加,
可到今天我也长大了，{CJ-sy到了}了解父母的心情的年龄了。,199412123523100007,韩国,1,199412,记我的父亲,60,65,70,61,69,308,C,
为什么我应该告诉他？,199412123512100035,菲律宾,1,199412,记我的父亲,45,60,39,34,37,194,未参加,
他嘱咐我们，“如果迷路了，问问别人怎么走{CJ+buy好}。,199412123525200049,日本,2,199412,记我的父亲,85,90,60,61,67,359,C,
所以他们的关系非常好。,199412123525200090,日本,2,199412,记我的父亲,60,60,49,30,47,228,未参加,
因为我不太喜欢他，[BC.]所以我跟他说话的机会并不多，[BC.]我跟他的距离也越来越远了。,199412123525100097,日本,1,199412,记我的父亲,55,80,39,55,51,266,未参加,
出乎意料，他回国以后利用业余的时间开始学汉语了。,199412124525200016,日本,2,199412,记我的父亲,70,75,75,65,82,356,C,
×很努力{CQ地}帮助别人。,199412124914200063,古巴,2,199412,记对我影响最大的一个人,45,65,39,30,55,214,未参加,
就这样，我们就慢慢儿谈起来了。,199412104525200694,日本,2,199412,记对我影响最大的一个人,65,60,78,75,72,333,C,
可是她的意志很坚强，开始准备考大学了。,199412104523200685,韩国,2,199412,记对我影响最大的一个人,70,75,70,61,78,343,C,
今天我也没有飞[F飛]黄腾[F腾]达[F達]、身居要位，但是最低限度[BQ，]我学[F學]会了善待他人、做事负[F負]责[F責]，而且积[F積]极[F極]向上。,199412104625100366,葡萄牙,1,199412,记对我影响最大的一个人,85,90,89,75,92,427,A,
他在柬埔[B甫]塞出生。[BC，],199412104821100629,新西兰,1,199412,记对我影响最大的一个人,60,55,54,46,76,272,未参加,
我们{CD也}是中文系里的同班同学。,199412104523200107,韩国,2,199412,记对我影响最大的一个人,65,90,60,59,78,343,C,
这一下，吓得我在孩子弥月当天，一声[C]不响地就搬走了。,199500533533200075,新加坡,2,199500,记对我影响最大的一个人,95,90,62,61,76,383,C,
身为一个女孩，我必须洁身自爱，事事小心。,199500533533200081,新加坡,2,199500,记对我影响最大的一个人,80,80,86,65,65,368,B,
她是我小学时候的小学部主任，也曾是我小学四年级、五年级和六年级的一连三年的班主任。,199500533540200108,印度尼西亚,2,199500,记对我影响最大的一个人,60,95,49,61,86,341,未参加,
他是我生命的恩师{CC师将}。,199500533533200130,新加坡,2,199500,记对我影响最大的一个人,95,65,78,59,69,358,C,
父亲对我的影响至深。,199500533533200136,新加坡,2,199500,记对我影响最大的一个人,95,95,70,73,88,420,B,
打从我俩相爱、结婚，[BC：]直到两个{CJ-zxy孩子}相继出世，他都一直默默站在我的身后，只要稍有不妥，他就有及时地扶我一把{CJy}。,199500533533200142,新加坡,2,199500,记对我影响最大的一个人,95,85,83,67,80,408,A,
如今我仍是单[C]单[C]就[C]为着[C]教育下一代，为[F為]了饮[F飮]水思源[C]，为[F為]了苦[C]难的丹心，我不会离[F離]开[C]这所培育{CC培植}穷[F窮]苦[C]学[F學]生的学校。,199510512501200508,中国,2,199510,记对我影响最大的一个人,90,95,48,48,61,340,未参加,
我非常感谢[F謝]陈[F陳]老师[F師]，希望他永远[F遠]健康、[BC，]愉快。,199510512501200519,中国,2,199510,记对我影响最大的一个人,90,90,64,64,84,390,C,
有一个[F個]人一直生病的时候，{CJ-zhuy病}有可能{CD性}恢复[F復]没关[C]系[F係]。[F雖],199510550523200913,韩国,2,199510,如何看待“安乐死”,0,60,31,31,35,149,未参加,
不论[F論]怎么样，我还是赞成安[C]乐死[C]。[BC，],199510550523200918,韩国,2,199510,如何看待“安乐死”,90,85,59,60,53,344,C,
“安乐死”，顾[F顧]名思义[F義]，就是以人为[F為]的方法让[F讓]那些面临[F臨]死亡边缘而无法挽救{CC救回}的人安详[B祥]地死去。,199511543634100512,英国,1,199511,如何看待“安乐死”,80,85,50,70,70,349,C,
本人在校时，曾获得各语文海报设计比赛及班级布[F佈]告板设计比赛五连冠[BQ，]并获校方颁给{CQ的}最具潜[F潛]能设计奖。,199503681519200549,马来西亚,2,199503,一封求职信,90,90,79,66,82,405,B,
我是一名乐观的时代女性，对服装也有相当的品味，平时也爱阅读服装杂志。,199503680519200529,马来西亚,2,199503,一封求职信,80,70,71,70,82,363,B,
高中{CC学}二年级时我对自己的每一件事都没有自信心，所以做什么事情都是怕得不能开始。[BC.],199505550523200903,韩国,2,199505,记对我影响最大的一个人,75,65,41,50,49,267,未参加,
第一，语言条件比同事优越；第二，朋友的交流比别人广；{CP第三，看到今天祖国{CC祖母}的强盛{CJ+buy起来}，而能够用母语而感到自豪！P},199505529529100002,泰国,1,199505,学习汉语的苦与乐,80,85,79,77,86,401,B,
他生于一个{CC家}贫穷的农村家庭，生活条件非常恶劣。,199505550523200917,韩国,2,199505,记对我影响最大的一个人,80,65,86,79,80,378,B,
反正以后[F後]好处[F處]多的是。,199505529529200037,泰国,2,199505,学习汉语的苦与乐,65,80,69,52,64,318,C,
尤其看到好书[F書[C]]，心里[F裏]真是高兴，自己{CJ-zy能}看懂它，能欣赏它。,199505529529100071,泰国,1,199505,学习汉语的苦与乐,75,90,74,70,88,391,B,
也不知过[F過]了多少时间[F間]，我{CJ-zy才}能朗[B郎[C]]读[C]一些简[F簡]单[F單]的如信封，地名什么[F麼]的[C]。,199505529529100081,泰国,1,199505,学习汉语的苦与乐,95,75,59,50,77,351,C,
在同辈[F輩]的学习者当中，可算佼佼者。,199505529529200084,泰国,2,199505,学习汉语的苦与乐,80,85,74,75,99,407,B,
但随[C]着时间的推移，我{CD会}慢慢了解{CQ了}她的心[C]意[C]。,199505104525200027,日本,2,199505,记对我影响最大的一个人,70,60,44,65,59,283,未参加,
我[C]来中国{CQ后}才学会{CC体会}了适应社会的方[C]法。,199505104523200035,韩国,2,199505,记对我影响最大的一个人,60,65,78,67,72,325,C,
由于生活{CD的}困难，他十六岁初中毕业后马上到东京去工作。,199505104525100037,日本,1,199505,记对我影响最大的一个人,75,80,70,67,80,363,B,
他也对我有极大的关心[C]，他每[C]天在课余时间给我讲各个方面{CQ的}很多事情。,199505104523100074,韩国,1,199505,记对我影响最大的一个人,65,70,73,67,67,328,C,
他也来不及和老师的弟弟自我介绍等，先用英语、[BC，]汉语把病情介绍{CJba}，转达意思。,199505104525200088,日本,2,199505,记对我影响最大的一个人,80,80,83,67,74,376,B,
我这个人遇到这[C]么好的老师算是个幸运[B远]儿吧！,199505104523200161,韩国,2,199505,记对我影响最大的一个人,70,75,73,63,57,327,C,
他特别能干，什么都会，会说好几种{CC个}语言，日语汉语那就不用说了，还会英语、法语、德语等等。,199505104525200156,日本,2,199505,记对我影响最大的一个人,95,80,78,73,65,387,B,
{CP她原来没有工作，只靠爱人，但是突然{CJX}她跟还小的两个孩子一起被迫{CC2被强迫地}落{CQ入}苦恼的世界，她觉得好像在无底洞，每天每天{CJcd}都哭。,199505104525200184,日本,2,199505,记对我影响最大的一个人,70,60,57,57,72,301,未参加,
但她呢，过[C]了几分种以后，从容不迫地推[C]门进课堂[C]里来了。,199505104523200202,韩国,2,199505,记对我影响最大的一个人,80,85,78,69,72,378,B,
对我影响最大的一个人是我爸爸。[BC.],199505104525200203,日本,2,199505,记对我影响最大的一个人,70,60,60,57,65,297,C,
她是位很朴[B扑][C]素大方[C]的姑娘。,199505104513100292,柬埔寨,1,199505,记对我影响最大的一个人,70,55,28,46,49,232,未参加,
从祖母口中知悉三叔是全{CD个}市镇唯一的大学生，在那个时代可{CC要}算是了不起了。,199508680519200504,马来西亚,2,199508,记对我影响最大的一个人,85,85,83,75,92,415,A,
他姓林，不论在学校里或在村子中，他是一位极受敬爱的人物。,199508683519100511,马来西亚,1,199508,记对我影响最大的一个人,85,85,75,71,84,395,B,
中学时代，我母亲对我参加学校的课外活动给予开明的态[F態]度。,199508680519200515,马来西亚,2,199508,记对我影响最大的一个人,85,80,83,79,84,404,A,
她奔上前来，检查{CC检视}我是否受伤了，然后便用小板子用力地打了我的手心几下，再罚我跪在地主公前思过。,199508682519200545,马来西亚,2,199508,记对我影响最大的一个人,85,85,78,71,84,398,B,
有人说：“没有爱情的婚姻是不道德的。,200010512501150002,中国,1,200010,我对离婚问题的看法,80,90,97,90,95,447,A,
因此，如果因感情出现[F現]问[F問]题[F題]而离婚，这[F這]是可理解{CJsd}。,200010801543250002,香港地区,2,200010,我对离婚问题的看法,65,75,48,85,89,349,C,
电话声也是一种噪音，如果你在睡觉时，有人给你打电话，而且就是不肯罢[B摆]休，那么你这觉算是完了，但如果是小鸟的声音，那么你也可以继续睡觉，或者如果你喜欢这种声音，也许你会很高兴地{CC的}去接电话，而不是气冲冲地{CC的}对电话里的人大发脾气。,200005108523100284,韩国,1,200005,关于用自然之声取代噪声的建议,75,85,83,88,91,415,A,
理所当然，所有的人不想听太大的声音。,200005108525200287,日本,2,200005,关于用自然之声取代噪声的建议,80,70,45,83,67,335,未参加,
相反，听噪音的时候多了。,200005108525100340,日本,1,200005,关于用自然之声取代噪声的建议,70,70,56,65,65,314,C,
养牛时使牛听音乐就产生物量增加{CJjy}，{CQ给}很干的地方长的植物听雨声，就{CJ+zy有点}帮助{CJX}能过干期等已经{CQ在}生活中{CC上}能看得{CC其}到[C]。,200005108523200368,韩国,2,200005,关于用自然之声取代噪声的建议,65,60,78,78,50,314,C,
而且上车后虽然还那么拥挤，但感觉完全不一样了。,200005108525200395,日本,2,200005,关于用自然之声取代噪声的建议,70,75,80,78,78,370,B,
例如：地铁站开车前的鸣声已以自然之声或乐音代替噪声，有一些种类的手机铃声也可以以自然之声取代噪声。,200005108525100409,日本,1,200005,关于用自然之声取代噪声的建议,70,75,53,80,69,336,C,
但因城市的生活节大使奏特别快，许多人无法躲身去自然环境里。,200005108525200410,日本,2,200005,关于用自然之声取代噪声的建议,70,65,70,78,76,345,C,
朋友又称知己。,199711802801100015,澳大利亚,1,199711,我选择朋友的标准,85,90,49,33,61,314,未参加,
我相信许多人都曾在这[F這]样的处境而感到难以取法。,199711802501100016,中国,1,199711,我选择朋友的标准,80,80,80,79,87,398,B,
我在老家生活的时候，觉得时间过得比较慢。,199705104525200002,日本,2,199705,我的城市/乡村生活,60,80,58,60,75,320,C,
每年夏天我跟着他们一边玩一边学方言，学会了一点方言回家。,199705104525200131,日本,2,199705,我的城市/乡村生活,65,55,44,58,68,272,未参加,
然而，我在大城市里从来找不到能轻松一下的地方。,199705104525100526,日本,1,199705,我的城市/乡村生活,65,70,60,79,65,325,C,
城市的生活中也可以找安静，可以出去玩儿。,199705104523200533,韩国,2,199705,我的城市/乡村生活,65,60,49,40,39,236,未参加,
看看那张[F張]成绩[F績]表差点[F點]儿[F兒]哭了起来[F來]。,199810602801250006,澳大利亚,2,199810,如何面对挫折,60,70,67,78,79,339,C,
我每天都写[F寫]字，先易后难{CC从[F從]浅[F淺]至深}，英文的、[BC，]中文的，都会[F會]写[F寫]好几[F幾]遍。{CD在},199810602801250006,澳大利亚,2,199810,如何面对挫折,60,70,67,78,79,339,C,
虽然我刚刚开始的时候学了最简单的字[D一][BQ，]例如大、[BC，]水、[BC，]山、[BC，]今天，{CD但是}因为我不断地{CC的}学习，汉语词汇越学越多。,199804123919200050,加拿大,2,199804,学习汉语的苦与乐,75,70,63,67,72,336,C,
汉语的语法离西方语言{CD的}很远，对于我们是很难以理解的。,199804123605100057,保加利亚,1,199804,学习汉语的苦与乐,70,50,42,35,54,234,未参加,
我刚来中国时，我不知道“手纸”的意思，一个人去小卖店想买“信封”时不会说汉语，就写“手纸”的条子给服务员的小姐，[BC。]可她拿来给我的不是“信”[BQ，]而是卫生纸。,199804123525200142,日本,2,199804,学习汉语的苦与乐,75,75,60,54,52,306,C,
老师给我讲的有关中国的事情和名胜古迹让我喜欢上了中国了。,199804124523200424,韩国,2,199804,学习汉语的苦与乐,70,70,48,62,58,296,C,
连自己买东西也困难。,199804124523200441,韩国,2,199804,学习汉语的苦与乐,85,85,78,67,80,390,B,
但，我的汉语水平还是没有很大的进步。,199804124523200459,韩国,2,199804,学习汉语的苦与乐,70,80,72,69,58,339,C,
一个女人想要占[F佔]据丈夫的心{CD坎}中的地盘[F盤]并[F並]不是一件容易的事，男人是有{CC居于[F於]}{CQ很}多种类的，一种是浪漫派，一种是保守派.均要看看女人如何去表现{CC担守}出来.居浪漫派的丈夫，做妻子{CQ的}便要多花心思了，在形象方面一定要大方得体，不能与潮流脱节.所谓[F謂]“能进厨房可出所堂”的俗语{CC瑶现}。[BC，],199809542542100007,越南,1,199809,如何看待“妻子回家“,65,65,57,46,84,301,未参加,
那么她听了以后便鼓起勇气坚持的续继工作，这[F這]时[F時]家庭会更加的幸福了。,199809542542100015,越南,1,199809,如何看待“妻子回家“,65,65,38,33,46,231,未参加,
人在生活中会遇[B曹]到困难，那时候有的人把困难{CC难[B观]}克服下来{CJba}，另外一些人并不克服，甚至弄成自杀或走不好的路。,199904123523200042,韩国,2,199904,如何面对挫折,60,65,42,47,41,238,未参加,
每个人勇敢地对付自己的困难的话，他最终{CC终于}{CJ-zy能}得到很宝贵的成果。,199904123523100077,韩国,1,199904,如何面对挫折,65,70,50,62,50,283,C,
这一年半，我觉得越学越差。,199904123525200081,日本,2,199904,如何面对挫折,55,55,26,50,43,209,未参加,
那天我当然有点失望和难过，但我知道我有能力，所以这是那所大学吃亏不是我吃亏，几天后我充满{CC用满}了自信[B心]，勇敢[B感]{CQ地}申请[B情]另外一个大学，这个大学让我上我所想选择的课[BQ，]我成绩都不错的{CJsd}，而且毕业那天我真的觉得虽然一次被拒绝我还出息的{WWJ},199904123919100094,加拿大,1,199904,如何面对挫折,75,70,56,37,63,290,未参加,
这就是我第一次遇到的挫折。,199904123525200133,日本,2,199904,如何面对挫折,65,70,42,67,69,299,未参加,
比如，在学习方面，有的时候我是这么想的。,199904123818100228,瓦努阿图,1,199904,如何面对挫折,65,75,48,37,32,244,未参加,
我喜欢运动，可是没留下美好的成绩，因为我参加运动时，由于自己身材不太好，感到过失望，我想谁也有留个好纪念的心理，但从此这些心理[B里]在{CC从}我的心里{CD之中}慢慢没有了。,199904124525100302,日本,1,199904,如何面对挫折,65,65,50,67,74,305,C,
而且别人学英语的时候，我没有学{CD了}。,199904124523200314,韩国,2,199904,如何面对挫折,70,65,72,55,69,317,C,
于是我没再去别的公司，就回来{CJX}学校{CQ了}。,199904124922100432,美国,1,199904,如何面对挫折,85,80,72,57,82,369,B,
人在和工作中，总要遇到种种困难或挫折.这是理所当然了.因为生活是总存在着生死，存灭，得失等这些分不开的对极.所以，人们吃上了甜美的幸福的同时，也要償着那种困难，挫折的苦味。,199909684542200051,越南,2,199909,如何面对挫折,80,75,62,48,67,323,C,
记得[F畢]业时，我们全家有人都为他设宴[B延]庆祝。,199909529529151012,泰国,1,199909,如何面对挫折,70,80,39,30,56,265,未参加,
